train_code,train_number,normalized_train_number,corridor_type,route_code,service_type,line_group,direction,from_station,to_station,car_composition,ac_service,source_note
91392,WGN 2,WGN2,0,HARBOUR,SLOW,HARBOUR,UP,GMN,CSMTH,12_CAR,NON_AC,Special GMN code pattern
91393,WGN 1,WGN1,0,HARBOUR,SLOW,HARBOUR,DN,CSMTH,GMN,12_CAR,NON_AC,Special GMN code pattern
91394,WGN 4,WGN4,0,HARBOUR,SLOW,HARBOUR,UP,GMN,CSMTH,12_CAR,NON_AC,Special GMN code pattern
91395,WGN 3,WGN3,0,HARBOUR,SLOW,HARBOUR,DN,CSMTH,GMN,12_CAR,NON_AC,Special GMN code pattern
91396,WGN 6,WGN6,0,HARBOUR,SLOW,HARBOUR,UP,GMN,CSMTH,12_CAR,NON_AC,Special GMN code pattern
91491,WBO 1,WBO1,0,HARBOUR,SLOW,HARBOUR,DN,CSMTH,GMN,12_CAR,NON_AC,Special GMN code pattern
95001,KP 1,KP1,2,SE,FAST,SE,DN,CSMT,KHPI,12_CAR,NON_AC,
95002,KP 2,KP2,2,SE,FAST,SE,UP,KHPI,CSMT,12_CAR,NON_AC,
95003,KP 3,KP3,2,SE,FAST,SE,DN,CSMT,KHPI,12_CAR,NON_AC,
95004,KP 4,KP4,2,SE,FAST,SE,UP,KHPI,CSMT,12_CAR,NON_AC,
95005,KP 5,KP5,2,SE,FAST,SE,DN,CSMT,KHPI,12_CAR,NON_AC,
95006,KP 6,KP6,2,SE,FAST,SE,UP,KHPI,CSMT,12_CAR,NON_AC,
95007,KP 7,KP7,2,SE,FAST,SE,DN,CSMT,KHPI,12_CAR,NON_AC,
95008,KP 8,KP8,2,SE,FAST,SE,UP,KHPI,CSMT,12_CAR,NON_AC,
95009,KP 9,KP9,2,SE,FAST,SE,DN,CSMT,KHPI,12_CAR,NON_AC,
95010,KP 10,KP10,2,SE,FAST,SE,UP,KHPI,CSMT,12_CAR,NON_AC,
95011,KP 11,KP11,2,SE,FAST,SE,DN,CSMT,KHPI,12_CAR,NON_AC,
95012,KP 12,KP12,2,SE,FAST,SE,UP,KHPI,CSMT,12_CAR,NON_AC,
95013,KP 13,KP13,2,SE,FAST,SE,DN,CSMT,KHPI,12_CAR,NON_AC,
95015,KP 17,KP17,2,SE,FAST,SE,DN,CSMT,KHPI,12_CAR,NON_AC,
95101,S 5,S5,2,SE,FAST,SE,DN,CSMT,KJT,12_CAR,NON_AC,
95102,S 8,S8,2,SE,FAST,SE,UP,KJT,CSMT,12_CAR,NON_AC,
95103,S 7,S7,2,SE,FAST,SE,DN,CSMT,KJT,12_CAR,NON_AC,
95104,S 10,S10,2,SE,FAST,SE,UP,KJT,CSMT,12_CAR,NON_AC,
95105,S 9,S9,2,SE,FAST,SE,DN,CSMT,KJT,12_CAR,NON_AC,
95106,S 12,S12,2,SE,FAST,SE,UP,KJT,CSMT,12_CAR,NON_AC,
95107,S 11,S11,2,SE,FAST,SE,DN,CSMT,KJT,12_CAR,NON_AC,
95108,S 14,S14,2,SE,FAST,SE,UP,KJT,CSMT,12_CAR,NON_AC,
95109,S 13,S13,2,SE,FAST,SE,DN,CSMT,KJT,12_CAR,NON_AC,
95110,S 16,S16,2,SE,FAST,SE,UP,KJT,CSMT,12_CAR,NON_AC,
95111,S 15,S15,2,SE,FAST,SE,DN,CSMT,KJT,12_CAR,NON_AC,
95112,S 18,S18,2,SE,FAST,SE,UP,KJT,CSMT,12_CAR,NON_AC,
95113,S 17,S17,2,SE,FAST,SE,DN,CSMT,KJT,12_CAR,NON_AC,
95114,S 20,S20,2,SE,FAST,SE,UP,KJT,CSMT,12_CAR,NON_AC,
95115,S 19,S19,2,SE,FAST,SE,DN,CSMT,KJT,12_CAR,NON_AC,
95116,S 22,S22,2,SE,FAST,SE,UP,KJT,CSMT,12_CAR,NON_AC,
95117,S 21,S21,2,SE,FAST,SE,DN,CSMT,KJT,12_CAR,NON_AC,
95118,S 24,S24,2,SE,FAST,SE,UP,KJT,CSMT,12_CAR,NON_AC,
95119,S 23,S23,2,SE,FAST,SE,DN,CSMT,KJT,12_CAR,NON_AC,
95120,S 26,S26,2,SE,FAST,SE,UP,KJT,CSMT,12_CAR,NON_AC,
95121,S 25,S25,2,SE,FAST,SE,DN,CSMT,KJT,12_CAR,NON_AC,
95122,S 28,S28,2,SE,FAST,SE,UP,KJT,CSMT,12_CAR,NON_AC,
95123,S 27,S27,2,SE,FAST,SE,DN,CSMT,KJT,12_CAR,NON_AC,
95124,S 30,S30,2,SE,FAST,SE,UP,KJT,CSMT,12_CAR,NON_AC,
95125,S 29,S29,2,SE,FAST,SE,DN,CSMT,KJT,12_CAR,NON_AC,
95126,S 32,S32,2,SE,FAST,SE,UP,KJT,CSMT,12_CAR,NON_AC,
95127,S 31,S31,2,SE,FAST,SE,DN,CSMT,KJT,12_CAR,NON_AC,
95128,S 34,S34,2,SE,FAST,SE,UP,KJT,CSMT,12_CAR,NON_AC,
95129,S 33,S33,2,SE,FAST,SE,DN,CSMT,KJT,15_CAR,NON_AC,
95130,S 36,S36,2,SE,FAST,SE,UP,KJT,CSMT,12_CAR,NON_AC,
95131,S 35,S35,2,SE,FAST,SE,DN,CSMT,KJT,12_CAR,NON_AC,
95132,S 38,S38,2,SE,FAST,SE,UP,KJT,CSMT,12_CAR,NON_AC,
95133,S 37,S37,2,SE,FAST,SE,DN,CSMT,KJT,12_CAR,NON_AC,
95134,S 40,S40,2,SE,FAST,SE,UP,KJT,CSMT,12_CAR,NON_AC,
95135,S 39,S39,2,SE,FAST,SE,DN,CSMT,KJT,12_CAR,NON_AC,
95136,S 42,S42,2,SE,FAST,SE,UP,KJT,CSMT,12_CAR,NON_AC,
95138,S 44,S44,2,SE,FAST,SE,UP,KJT,CSMT,12_CAR,NON_AC,
95140,S 46,S46,2,SE,FAST,SE,UP,KJT,CSMT,12_CAR,NON_AC,
95142,S 48,S48,2,SE,FAST,SE,UP,KJT,CSMT,15_CAR,NON_AC,
95144,S 50,S50,2,SE,FAST,SE,UP,KJT,CSMT,12_CAR,NON_AC,
95146,S 54,S54,2,SE,FAST,SE,UP,KJT,CSMT,12_CAR,NON_AC,
95201,BL 1,BL1,2,SE,FAST,SE,DN,CSMT,BUD,12_CAR,NON_AC,
95202,BL 8,BL8,2,SE,FAST,SE,UP,BUD,CSMT,12_CAR,NON_AC,
95203,BL 3,BL3,2,SE,FAST,SE,DN,CSMT,BUD,12_CAR,NON_AC,
95204,BL 10,BL10,2,SE,FAST,SE,UP,BUD,CSMT,12_CAR,NON_AC,
95205,BL 5,BL5,2,SE,FAST,SE,DN,CSMT,BUD,12_CAR,NON_AC,
95206,BL 12,BL12,2,SE,FAST,SE,UP,BUD,CSMT,12_CAR,NON_AC,
95207,BL 7,BL7,2,SE,FAST,SE,DN,CSMT,BUD,12_CAR,NON_AC,
95208,BL 16,BL16,2,SE,FAST,SE,UP,BUD,CSMT,12_CAR,NON_AC,
95209,BL 9,BL9,2,SE,FAST,SE,DN,CSMT,BUD,12_CAR,NON_AC,
95210,BL 20,BL20,2,SE,FAST,SE,UP,BUD,CSMT,12_CAR,NON_AC,
95211,BL 11,BL11,2,SE,FAST,SE,DN,CSMT,BUD,12_CAR,NON_AC,
95212,BL 30,BL30,2,SE,FAST,SE,UP,BUD,CSMT,12_CAR,NON_AC,
95213,BL 13,BL13,2,SE,FAST,SE,DN,CSMT,BUD,12_CAR,NON_AC,
95214,DBL 2,DBL2,2,SE,FAST,SE,UP,BUD,DR,12_CAR,AC,
95215,BL 15,BL15,2,SE,FAST,SE,DN,CSMT,BUD,12_CAR,NON_AC,
95216,BL 32,BL32,2,SE,FAST,SE,UP,BUD,CSMT,12_CAR,NON_AC,
95217,BL 17,BL17,2,SE,FAST,SE,DN,CSMT,BUD,12_CAR,NON_AC,
95218,DBL 4,DBL4,2,SE,FAST,SE,UP,BUD,DR,12_CAR,AC,
95219,BL 19,BL19,2,SE,FAST,SE,DN,CSMT,BUD,12_CAR,NON_AC,
95220,BL 34,BL34,2,SE,FAST,SE,UP,BUD,CSMT,12_CAR,NON_AC,
95221,DBL 1,DBL1,2,SE,FAST,SE,DN,DR,BUD,12_CAR,AC,
95222,BL 36,BL36,2,SE,FAST,SE,UP,BUD,CSMT,12_CAR,NON_AC,
95223,BL 21,BL21,2,SE,FAST,SE,DN,CSMT,BUD,12_CAR,NON_AC,
95224,BL 38,BL38,2,SE,FAST,SE,UP,BUD,CSMT,12_CAR,NON_AC,
95225,DBL 3,DBL3,2,SE,FAST,SE,DN,DR,BUD,12_CAR,AC,
95226,BL 40,BL40,2,SE,FAST,SE,UP,BUD,CSMT,12_CAR,NON_AC,
95227,BL 23,BL23,2,SE,FAST,SE,DN,CSMT,BUD,12_CAR,NON_AC,
95228,BL 42,BL42,2,SE,FAST,SE,UP,BUD,CSMT,12_CAR,NON_AC,
95229,BL 25,BL25,2,SE,FAST,SE,DN,CSMT,BUD,12_CAR,NON_AC,
95230,BL 44,BL44,2,SE,FAST,SE,UP,BUD,CSMT,15_CAR,NON_AC,
95231,BL 31,BL31,2,SE,FAST,SE,DN,CSMT,BUD,15_CAR,NON_AC,
95232,BL 46,BL46,2,SE,FAST,SE,UP,BUD,CSMT,12_CAR,NON_AC,
95233,BL 33,BL33,2,SE,FAST,SE,DN,CSMT,BUD,12_CAR,NON_AC,
95234,BL 48,BL48,2,SE,FAST,SE,UP,BUD,CSMT,12_CAR,NON_AC,
95235,BL 35,BL35,2,SE,FAST,SE,DN,CSMT,BUD,12_CAR,NON_AC,
95236,BL 50,BL50,2,SE,FAST,SE,UP,BUD,CSMT,12_CAR,NON_AC,
95237,BL 37,BL37,2,SE,FAST,SE,DN,CSMT,BUD,12_CAR,NON_AC,
95238,BL 52,BL52,2,SE,FAST,SE,UP,BUD,CSMT,12_CAR,NON_AC,
95239,BL 39,BL39,2,SE,FAST,SE,DN,CSMT,BUD,12_CAR,NON_AC,
95240,BL 54,BL54,2,SE,FAST,SE,UP,BUD,CSMT,12_CAR,NON_AC,
95241,BL 41,BL41,2,SE,FAST,SE,DN,CSMT,BUD,12_CAR,NON_AC,
95242,BL 56,BL56,2,SE,FAST,SE,UP,BUD,CSMT,12_CAR,NON_AC,
95243,BL 43,BL43,2,SE,FAST,SE,DN,CSMT,BUD,12_CAR,NON_AC,
95244,BL 60,BL60,2,SE,FAST,SE,UP,BUD,CSMT,12_CAR,NON_AC,
95245,BL 45,BL45,2,SE,FAST,SE,DN,CSMT,BUD,12_CAR,NON_AC,
95246,BL 64,BL64,2,SE,FAST,SE,UP,BUD,CSMT,12_CAR,NON_AC,
95247,BL 57,BL57,2,SE,FAST,SE,DN,CSMT,BUD,12_CAR,NON_AC,
95248,BL 66,BL66,2,SE,FAST,SE,UP,BUD,CSMT,12_CAR,NON_AC,
95301,DA 1,DA1,2,SE,FAST,SE,DN,DR,ABH,12_CAR,NON_AC,
95302,A 12,A12,2,SE,FAST,SE,UP,ABH,CSMT,12_CAR,NON_AC,
95303,A 9,A9,2,SE,FAST,SE,DN,CSMT,ABH,12_CAR,NON_AC,
95304,A 14,A14,2,SE,FAST,SE,UP,ABH,CSMT,12_CAR,NON_AC,
95305,A 11,A11,2,SE,FAST,SE,DN,CSMT,ABH,15_CAR,NON_AC,
95306,A 16,A16,2,SE,FAST,SE,UP,ABH,CSMT,15_CAR,NON_AC,
95307,A 13,A13,2,SE,FAST,SE,DN,CSMT,ABH,12_CAR,AC,
95308,A 18,A18,2,SE,FAST,SE,UP,ABH,CSMT,12_CAR,NON_AC,
95309,A 15,A15,2,SE,FAST,SE,DN,CSMT,ABH,12_CAR,NON_AC,
95310,A 20,A20,2,SE,FAST,SE,UP,ABH,CSMT,12_CAR,NON_AC,
95311,A 17,A17,2,SE,FAST,SE,DN,CSMT,ABH,12_CAR,NON_AC,
95312,A 22,A22,2,SE,FAST,SE,UP,ABH,CSMT,12_CAR,NON_AC,
95313,A 19,A19,2,SE,FAST,SE,DN,CSMT,ABH,12_CAR,NON_AC,
95314,A 24,A24,2,SE,FAST,SE,UP,ABH,CSMT,12_CAR,NON_AC,
95315,A 21,A21,2,SE,FAST,SE,DN,CSMT,ABH,12_CAR,NON_AC,
95316,A 26,A26,2,SE,FAST,SE,UP,ABH,CSMT,12_CAR,NON_AC,
95317,DA 3,DA3,2,SE,FAST,SE,DN,DR,ABH,12_CAR,NON_AC,
95318,DA 2,DA2,2,SE,FAST,SE,UP,ABH,DR,12_CAR,NON_AC,
95319,A 35,A35,2,SE,FAST,SE,DN,CSMT,ABH,12_CAR,NON_AC,
95320,A 42,A42,2,SE,FAST,SE,UP,ABH,CSMT,12_CAR,NON_AC,
95321,A 39,A39,2,SE,SEMI_FAST,SE,DN,CSMT,ABH,12_CAR,AC,"semi-fast markers: KOPR,THK"
95322,A 44,A44,2,SE,FAST,SE,UP,ABH,CSMT,12_CAR,NON_AC,
95323,A 41,A41,2,SE,FAST,SE,DN,CSMT,ABH,12_CAR,NON_AC,
95324,A 46,A46,2,SE,FAST,SE,UP,ABH,CSMT,12_CAR,AC,
95325,A 43,A43,2,SE,FAST,SE,DN,CSMT,ABH,12_CAR,NON_AC,
95326,A 48,A48,2,SE,FAST,SE,UP,ABH,CSMT,12_CAR,NON_AC,
95327,A 45,A45,2,SE,FAST,SE,DN,CSMT,ABH,12_CAR,NON_AC,
95328,DA 4,DA4,2,SE,FAST,SE,UP,ABH,DR,12_CAR,NON_AC,
95329,DA 5,DA5,2,SE,FAST,SE,DN,DR,ABH,12_CAR,AC,
95330,A 50,A50,2,SE,FAST,SE,UP,ABH,CSMT,12_CAR,NON_AC,
95331,A 49,A49,2,SE,FAST,SE,DN,CSMT,ABH,12_CAR,NON_AC,
95332,A 52,A52,2,SE,FAST,SE,UP,ABH,CSMT,12_CAR,NON_AC,
95333,A 55,A55,2,SE,FAST,SE,DN,CSMT,ABH,12_CAR,NON_AC,
95334,DA 6,DA6,2,SE,FAST,SE,UP,ABH,DR,12_CAR,NON_AC,
95335,A 59,A59,2,SE,FAST,SE,DN,CSMT,ABH,15_CAR,NON_AC,A28/A59 train codes and fast conversion department-confirmed 2026-07
95336,DA 8,DA8,2,SE,FAST,SE,UP,ABH,DR,12_CAR,AC,
95338,DA 10,DA10,2,SE,FAST,SE,UP,ABH,DR,12_CAR,NON_AC,
95340,A 56,A56,2,SE,FAST,SE,UP,ABH,CSMT,12_CAR,NON_AC,
95342,A 58,A58,2,SE,FAST,SE,UP,ABH,CSMT,12_CAR,AC,
95344,A 60,A60,2,SE,FAST,SE,UP,ABH,CSMT,12_CAR,NON_AC,
95346,A 28,A28,2,SE,FAST,SE,UP,ABH,CSMT,15_CAR,NON_AC,A28/A59 train codes and fast conversion department-confirmed 2026-07
95401,N 7,N7,2,NE,FAST,NE,DN,CSMT,KSRA,12_CAR,NON_AC,
95402,N 6,N6,2,NE,FAST,NE,UP,KSRA,CSMT,12_CAR,NON_AC,
95403,N 9,N9,2,NE,FAST,NE,DN,CSMT,KSRA,12_CAR,NON_AC,
95404,N 8,N8,2,NE,FAST,NE,UP,KSRA,CSMT,12_CAR,NON_AC,
95405,N 11,N11,2,NE,FAST,NE,DN,CSMT,KSRA,12_CAR,NON_AC,
95406,N 10,N10,2,NE,FAST,NE,UP,KSRA,CSMT,12_CAR,NON_AC,
95407,N 13,N13,2,NE,FAST,NE,DN,CSMT,KSRA,12_CAR,NON_AC,
95408,N 12,N12,2,NE,SEMI_FAST,NE,UP,KSRA,CSMT,12_CAR,NON_AC,"semi-fast markers: THK,KOPR"
95409,N 15,N15,2,NE,FAST,NE,DN,CSMT,KSRA,12_CAR,NON_AC,
95410,N 14,N14,2,NE,FAST,NE,UP,KSRA,CSMT,12_CAR,NON_AC,
95411,N 17,N17,2,NE,FAST,NE,DN,CSMT,KSRA,12_CAR,NON_AC,
95412,N 16,N16,2,NE,FAST,NE,UP,KSRA,CSMT,12_CAR,NON_AC,
95413,N 21,N21,2,NE,FAST,NE,DN,CSMT,KSRA,12_CAR,NON_AC,
95414,N 18,N18,2,NE,FAST,NE,UP,KSRA,CSMT,12_CAR,NON_AC,
95415,N 25,N25,2,NE,SEMI_FAST,NE,DN,CSMT,KSRA,12_CAR,NON_AC,"semi-fast markers: KOPR,THK"
95416,N 20,N20,2,NE,FAST,NE,UP,KSRA,CSMT,12_CAR,NON_AC,
95417,N 27,N27,2,NE,FAST,NE,DN,CSMT,KSRA,12_CAR,NON_AC,
95418,N 22,N22,2,NE,FAST,NE,UP,KSRA,CSMT,12_CAR,NON_AC,
95419,N 29,N29,2,NE,FAST,NE,DN,CSMT,KSRA,12_CAR,NON_AC,
95420,N 24,N24,2,NE,FAST,NE,UP,KSRA,CSMT,12_CAR,NON_AC,
95421,N 31,N31,2,NE,FAST,NE,DN,CSMT,KSRA,12_CAR,NON_AC,
95422,N 26,N26,2,NE,FAST,NE,UP,KSRA,CSMT,12_CAR,NON_AC,
95423,N 35,N35,2,NE,FAST,NE,DN,CSMT,KSRA,12_CAR,NON_AC,
95424,N 28,N28,2,NE,FAST,NE,UP,KSRA,CSMT,12_CAR,NON_AC,
95426,N 30,N30,2,NE,FAST,NE,UP,KSRA,CSMT,12_CAR,NON_AC,
95428,N 32,N32,2,NE,FAST,NE,UP,KSRA,CSMT,12_CAR,NON_AC,
95430,N 34,N34,2,NE,FAST,NE,UP,KSRA,CSMT,12_CAR,NON_AC,
95501,AN 5,AN5,2,NE,FAST,NE,DN,CSMT,ASO,12_CAR,NON_AC,
95502,AN 6,AN6,2,NE,FAST,NE,UP,ASO,CSMT,12_CAR,NON_AC,
95503,AN 9,AN9,2,NE,FAST,NE,DN,CSMT,ASO,12_CAR,NON_AC,
95504,AN 8,AN8,2,NE,FAST,NE,UP,ASO,CSMT,12_CAR,NON_AC,
95505,AN 11,AN11,2,NE,FAST,NE,DN,CSMT,ASO,12_CAR,NON_AC,
95506,AN 16,AN16,2,NE,FAST,NE,UP,ASO,CSMT,12_CAR,NON_AC,
95507,AN 15,AN15,2,NE,FAST,NE,DN,CSMT,ASO,12_CAR,NON_AC,
95508,AN 18,AN18,2,NE,FAST,NE,UP,ASO,CSMT,12_CAR,NON_AC,
95509,AN 19,AN19,2,NE,FAST,NE,DN,CSMT,ASO,12_CAR,NON_AC,
95510,AN 20,AN20,2,NE,FAST,NE,UP,ASO,CSMT,12_CAR,NON_AC,
95511,AN 21,AN21,2,NE,FAST,NE,DN,CSMT,ASO,12_CAR,NON_AC,
95512,AN 22,AN22,2,NE,FAST,NE,UP,ASO,CSMT,12_CAR,NON_AC,
95513,AN 23,AN23,2,NE,FAST,NE,DN,CSMT,ASO,12_CAR,NON_AC,
95514,AN 26,AN26,2,NE,FAST,NE,UP,ASO,CSMT,12_CAR,NON_AC,
95515,AN 25,AN25,2,NE,FAST,NE,DN,CSMT,ASO,12_CAR,NON_AC,
95516,AN 30,AN30,2,NE,FAST,NE,UP,ASO,CSMT,12_CAR,NON_AC,
95517,AN 27,AN27,2,NE,SEMI_FAST,NE,DN,CSMT,ASO,12_CAR,NON_AC,"semi-fast markers: KOPR,THK"
95601,TL 11,TL11,2,NE,FAST,NE,DN,CSMT,TLA,12_CAR,NON_AC,
95602,TL 14,TL14,2,NE,FAST,NE,UP,TLA,CSMT,12_CAR,NON_AC,
95603,TL 13,TL13,2,NE,FAST,NE,DN,CSMT,TLA,12_CAR,NON_AC,
95604,TL 20,TL20,2,MAIN,SEMI_FAST,MAIN,UP,KYN,CSMT,12_CAR,NON_AC,"present in Fast Locals.csv but missing in train_corridor_map.csv; route inferred as MAIN from halt sequence; semi-fast markers: THK,KOPR"
95605,TL 15,TL15,2,NE,FAST,NE,DN,CSMT,TLA,12_CAR,NON_AC,
95606,TL 24,TL24,2,NE,FAST,NE,UP,TLA,CSMT,12_CAR,NON_AC,
95607,TL 19,TL19,2,NE,FAST,NE,DN,CSMT,TLA,12_CAR,NON_AC,
95608,TL 48,TL48,2,NE,FAST,NE,UP,TLA,CSMT,12_CAR,NON_AC,
95609,TL 21,TL21,2,NE,SEMI_FAST,NE,DN,CSMT,TLA,12_CAR,NON_AC,"semi-fast markers: KOPR,THK"
95610,TL 50,TL50,2,NE,FAST,NE,UP,TLA,CSMT,12_CAR,AC,
95611,DTL 1,DTL1,2,NE,FAST,NE,DN,DR,TLA,12_CAR,AC,
95612,TL 52,TL52,2,NE,FAST,NE,UP,TLA,CSMT,12_CAR,NON_AC,
95613,TL 41,TL41,2,NE,FAST,NE,DN,CSMT,TLA,12_CAR,NON_AC,
95614,TL 54,TL54,2,NE,FAST,NE,UP,TLA,CSMT,12_CAR,NON_AC,
95615,TL 43,TL43,2,NE,FAST,NE,DN,CSMT,TLA,12_CAR,NON_AC,
95616,TL 56,TL56,2,NE,FAST,NE,UP,TLA,CSMT,12_CAR,NON_AC,
95617,TL 45,TL45,2,NE,FAST,NE,DN,CSMT,TLA,12_CAR,NON_AC,
95619,TL 47,TL47,2,NE,FAST,NE,DN,CSMT,TLA,12_CAR,NON_AC,
95621,TL 49,TL49,2,NE,FAST,NE,DN,CSMT,TLA,12_CAR,NON_AC,
95623,TL 51,TL51,2,NE,FAST,NE,DN,CSMT,TLA,12_CAR,NON_AC,
95701,K 3,K3,2,MAIN,FAST,MAIN,DN,CSMT,KYN,12_CAR,AC,
95702,K 12,K12,2,MAIN,FAST,MAIN,UP,KYN,CSMT,12_CAR,AC,
95703,K 5,K5,2,MAIN,FAST,MAIN,DN,CSMT,KYN,15_CAR,NON_AC,
95704,K 18,K18,2,MAIN,FAST,MAIN,UP,KYN,CSMT,15_CAR,NON_AC,
95705,K 11,K11,2,MAIN,FAST,MAIN,DN,CSMT,KYN,15_CAR,NON_AC,
95706,DK 2,DK2,2,MAIN,SEMI_FAST,MAIN,UP,KYN,DR,12_CAR,NON_AC,"semi-fast markers: THK,KOPR"
95707,K 17,K17,2,MAIN,FAST,MAIN,DN,CSMT,KYN,12_CAR,AC,
95708,K 24,K24,2,MAIN,SEMI_FAST,MAIN,UP,KYN,CSMT,12_CAR,NON_AC,"semi-fast markers: THK,KOPR"
95709,K 23,K23,2,MAIN,FAST,MAIN,DN,CSMT,KYN,15_CAR,NON_AC,
95710,K 30,K30,2,MAIN,SEMI_FAST,MAIN,UP,KYN,CSMT,12_CAR,NON_AC,"semi-fast markers: THK,KOPR"
95711,K 27,K27,2,MAIN,FAST,MAIN,DN,CSMT,KYN,12_CAR,AC,
95712,K 34,K34,2,MAIN,FAST,MAIN,UP,KYN,CSMT,15_CAR,NON_AC,
95713,K 37,K37,2,MAIN,FAST,MAIN,DN,CSMT,KYN,12_CAR,AC,
95714,K 38,K38,2,MAIN,FAST,MAIN,UP,KYN,CSMT,12_CAR,AC,
95715,DK 1,DK1,2,MAIN,FAST,MAIN,DN,DR,KYN,15_CAR,NON_AC,
95716,K 36,K36,2,MAIN,SEMI_FAST,MAIN,UP,KYN,CSMT,12_CAR,NON_AC,"semi-fast markers: THK,KOPR"
95717,K 53,K53,2,MAIN,FAST,MAIN,DN,CSMT,KYN,15_CAR,NON_AC,
95718,K 40,K40,2,MAIN,SEMI_FAST,MAIN,UP,KYN,CSMT,12_CAR,NON_AC,"semi-fast markers: THK,KOPR"
95719,K 61,K61,2,MAIN,FAST,MAIN,DN,CSMT,KYN,15_CAR,NON_AC,
95720,DK 4,DK4,2,MAIN,FAST,MAIN,UP,KYN,DR,15_CAR,NON_AC,
95721,K 79,K79,2,MAIN,FAST,MAIN,DN,CSMT,KYN,15_CAR,NON_AC,
95722,K 46,K46,2,MAIN,SEMI_FAST,MAIN,UP,KYN,CSMT,12_CAR,NON_AC,"semi-fast markers: THK,KOPR"
95723,K 87,K87,2,MAIN,FAST,MAIN,DN,CSMT,KYN,12_CAR,AC,
95724,DK 6,DK6,2,MAIN,FAST,MAIN,UP,KYN,DR,12_CAR,AC,
95725,DK 3,DK3,2,MAIN,FAST,MAIN,DN,DR,KYN,15_CAR,NON_AC,
95726,DK 8,DK8,2,MAIN,FAST,MAIN,UP,KYN,DR,12_CAR,AC,
95727,K 95,K95,2,MAIN,SEMI_FAST,MAIN,DN,CSMT,KYN,12_CAR,NON_AC,"semi-fast markers: KOPR,THK"
95728,K 54,K54,2,MAIN,FAST,MAIN,UP,KYN,CSMT,15_CAR,NON_AC,
95729,DK 5,DK5,2,MAIN,SEMI_FAST,MAIN,DN,DR,KYN,12_CAR,NON_AC,"semi-fast markers: KOPR,THK"
95730,K 64,K64,2,MAIN,FAST,MAIN,UP,KYN,CSMT,15_CAR,NON_AC,
95731,K 101,K101,2,MAIN,SEMI_FAST,MAIN,DN,CSMT,KYN,12_CAR,NON_AC,"semi-fast markers: KOPR,THK"
95732,K 70,K70,2,MAIN,FAST,MAIN,UP,KYN,CSMT,15_CAR,NON_AC,
95733,K 107,K107,2,MAIN,FAST,MAIN,DN,CSMT,KYN,12_CAR,AC,
95734,DK 10,DK10,2,MAIN,FAST,MAIN,UP,KYN,DR,15_CAR,NON_AC,
95735,K 109,K109,2,MAIN,SEMI_FAST,MAIN,DN,CSMT,KYN,12_CAR,NON_AC,"semi-fast markers: KOPR,THK"
95736,K 92,K92,2,MAIN,FAST,MAIN,UP,KYN,CSMT,12_CAR,NON_AC,
95737,DK 7,DK7,2,MAIN,SEMI_FAST,MAIN,DN,DR,KYN,12_CAR,NON_AC,"semi-fast markers: KOPR,THK"
95738,K 96,K96,2,MAIN,FAST,MAIN,UP,KYN,CSMT,12_CAR,AC,
95739,K 117,K117,2,MAIN,FAST,MAIN,DN,CSMT,KYN,15_CAR,NON_AC,
95740,K 102,K102,2,MAIN,FAST,MAIN,UP,KYN,CSMT,12_CAR,NON_AC,
95741,K 129,K129,2,MAIN,SEMI_FAST,MAIN,DN,CSMT,KYN,12_CAR,AC,"semi-fast markers: KJRD,NHU,KOPR,THK"
95742,K 108,K108,2,MAIN,FAST,MAIN,UP,KYN,CSMT,15_CAR,NON_AC,
95743,DK 9,DK9,2,MAIN,FAST,MAIN,DN,DR,KYN,15_CAR,NON_AC,
95744,K 110,K110,2,MAIN,SEMI_FAST,MAIN,UP,KYN,CSMT,12_CAR,NON_AC,"semi-fast markers: THK,KOPR"
95746,DK 12,DK12,2,MAIN,FAST,MAIN,UP,KYN,DR,15_CAR,NON_AC,
95748,K 138,K138,2,MAIN,FAST,MAIN,UP,KYN,CSMT,15_CAR,NON_AC,
95801,DL 17,DL17,2,MAIN,FAST,MAIN,DN,CSMT,DI,15_CAR,NON_AC,
95802,DL 4,DL4,2,MAIN,FAST,MAIN,UP,DI,CSMT,15_CAR,NON_AC,
95803,DL 35,DL35,2,MAIN,SEMI_FAST,MAIN,DN,CSMT,DI,12_CAR,NON_AC,semi-fast markers: KOPR
95804,DL 10,DL10,2,MAIN,SEMI_FAST,MAIN,UP,DI,CSMT,12_CAR,NON_AC,semi-fast markers: KOPR
95901,T 15,T15,2,MAIN,FAST,MAIN,DN,CSMT,TNA,12_CAR,AC,
95902,T 10,T10,2,MAIN,FAST,MAIN,UP,TNA,CSMT,12_CAR,NON_AC,
95903,T 25,T25,2,MAIN,FAST,MAIN,DN,CSMT,TNA,12_CAR,NON_AC,
95904,T 28,T28,2,MAIN,FAST,MAIN,UP,TNA,CSMT,12_CAR,AC,
95905,T 29,T29,2,MAIN,FAST,MAIN,DN,CSMT,TNA,12_CAR,NON_AC,
95906,T 32,T32,2,MAIN,FAST,MAIN,UP,TNA,CSMT,12_CAR,NON_AC,
95907,T 37,T37,2,MAIN,FAST,MAIN,DN,CSMT,TNA,15_CAR,NON_AC,
95908,T 42,T42,2,MAIN,FAST,MAIN,UP,TNA,CSMT,12_CAR,AC,
95909,DT 1,DT1,2,MAIN,FAST,MAIN,DN,CSMT,TNA,12_CAR,AC,
95910,T 54,T54,2,MAIN,FAST,MAIN,UP,TNA,CSMT,12_CAR,NON_AC,present in Fast Locals.csv but missing in train_corridor_map.csv; route inferred as MAIN from halt sequence
95911,T 99,T99,2,MAIN,FAST,MAIN,DN,CSMT,TNA,12_CAR,AC,
95912,T 66,T66,2,MAIN,FAST,MAIN,UP,TNA,CSMT,12_CAR,AC,
95913,T 109,T109,2,MAIN,FAST,MAIN,DN,CSMT,TNA,12_CAR,NON_AC,
95914,T 84,T84,2,MAIN,FAST,MAIN,UP,TNA,CSMT,12_CAR,AC,
95915,DT 3,DT3,2,MAIN,FAST,MAIN,DN,CSMT,TNA,12_CAR,NON_AC,
96001,SKP 1,SKP1,1,SE,SLOW,SE,DN,KJT,KHPI,12_CAR,NON_AC,
96002,SKP 2,SKP2,1,SE,SLOW,SE,UP,KHPI,KJT,12_CAR,NON_AC,
96003,SKP 3,SKP3,1,SE,SLOW,SE,DN,KJT,KHPI,12_CAR,NON_AC,
96004,SKP 4,SKP4,1,SE,SLOW,SE,UP,KHPI,KJT,12_CAR,NON_AC,
96005,SKP 5,SKP5,1,SE,SLOW,SE,DN,KJT,KHPI,12_CAR,NON_AC,
96006,SKP 6,SKP6,1,SE,SLOW,SE,UP,KHPI,KJT,12_CAR,NON_AC,
96007,SKP 7,SKP7,1,SE,SLOW,SE,DN,KJT,KHPI,12_CAR,NON_AC,
96008,SKP 8,SKP8,1,SE,SLOW,SE,UP,KHPI,KJT,12_CAR,NON_AC,
96009,SKP 9,SKP9,1,SE,SLOW,SE,DN,KJT,KHPI,12_CAR,NON_AC,
96010,SKP 10,SKP10,1,SE,SLOW,SE,UP,KHPI,KJT,12_CAR,NON_AC,
96011,SKP 11,SKP11,1,SE,SLOW,SE,DN,KJT,KHPI,12_CAR,NON_AC,
96012,SKP 12,SKP12,1,SE,SLOW,SE,UP,KHPI,KJT,12_CAR,NON_AC,
96013,SKP 13,SKP13,1,SE,SLOW,SE,DN,KJT,KHPI,12_CAR,NON_AC,
96014,SKP 14,SKP14,1,SE,SLOW,SE,UP,KHPI,KJT,12_CAR,NON_AC,
96015,SKP 15,SKP15,1,SE,SLOW,SE,DN,KJT,KHPI,12_CAR,NON_AC,
96016,SKP 16,SKP16,1,SE,SLOW,SE,UP,KHPI,KJT,12_CAR,NON_AC,
96018,SKP 18,SKP18,1,SE,SLOW,SE,UP,KHPI,KJT,12_CAR,NON_AC,
96019,KP 15,KP15,1,SE,SLOW,SE,DN,CSMT,KHPI,12_CAR,NON_AC,
96020,KP 14,KP14,1,SE,SLOW,SE,UP,KHPI,CSMT,12_CAR,NON_AC,
96022,SKP 20,SKP20,1,SE,SLOW,SE,UP,KHPI,KJT,12_CAR,NON_AC,
96101,S 1,S1,1,SE,SLOW,SE,DN,CSMT,KJT,12_CAR,NON_AC,
96102,S 2,S2,1,SE,SLOW,SE,UP,KJT,CSMT,12_CAR,NON_AC,
96103,TS 1,TS1,1,SE,SLOW,SE,DN,TNA,KJT,12_CAR,NON_AC,
96104,S 4,S4,1,SE,SLOW,SE,UP,KJT,CSMT,12_CAR,NON_AC,
96105,TS 3,TS3,1,SE,SLOW,SE,DN,TNA,KJT,12_CAR,NON_AC,
96106,S 6,S6,1,SE,SLOW,SE,UP,KJT,CSMT,12_CAR,NON_AC,
96107,S 3,S3,1,SE,SLOW,SE,DN,CSMT,KJT,12_CAR,NON_AC,
96108,TS 2,TS2,1,SE,SLOW,SE,UP,KJT,TNA,12_CAR,NON_AC,
96109,TS 5,TS5,1,SE,SLOW,SE,DN,TNA,KJT,12_CAR,NON_AC,
96110,S 52,S52,1,SE,SLOW,SE,UP,KJT,CSMT,12_CAR,NON_AC,
96111,TS 7,TS7,1,SE,SLOW,SE,DN,TNA,KJT,12_CAR,NON_AC,
96113,TS 9,TS9,1,SE,SLOW,SE,DN,TNA,KJT,12_CAR,NON_AC,
96115,S 41,S41,1,SE,SLOW,SE,DN,CSMT,KJT,12_CAR,NON_AC,
96201,CBL 1,CBL1,1,SE,SLOW,SE,DN,VVH,BUD,12_CAR,NON_AC,
96202,BL 2,BL2,1,SE,SLOW,SE,UP,BUD,CSMT,12_CAR,NON_AC,
96203,TBL 1,TBL1,1,SE,SLOW,SE,DN,TNA,BUD,12_CAR,NON_AC,
96204,BL 4,BL4,1,SE,SLOW,SE,UP,BUD,CSMT,12_CAR,NON_AC,
96205,BL 27,BL27,1,SE,SLOW,SE,DN,CSMT,BUD,12_CAR,NON_AC,
96206,BL 6,BL6,1,SE,SLOW,SE,UP,BUD,CSMT,12_CAR,NON_AC,
96207,BL 29,BL29,1,SE,SLOW,SE,DN,CSMT,BUD,12_CAR,NON_AC,
96208,TBL 2,TBL2,1,SE,SLOW,SE,UP,BUD,TNA,12_CAR,NON_AC,
96209,TBL 3,TBL3,1,SE,SLOW,SE,DN,TNA,BUD,12_CAR,NON_AC,
96210,BL 14,BL14,1,SE,SLOW,SE,UP,BUD,CSMT,12_CAR,NON_AC,
96211,TBL 5,TBL5,1,SE,SLOW,SE,DN,TNA,BUD,12_CAR,NON_AC,
96212,BL 18,BL18,1,SE,SLOW,SE,UP,BUD,CSMT,12_CAR,NON_AC,
96213,TBL 7,TBL7,1,SE,SLOW,SE,DN,TNA,BUD,12_CAR,NON_AC,
96214,BL 22,BL22,1,SE,SLOW,SE,UP,BUD,CSMT,12_CAR,NON_AC,
96215,BL 47,BL47,1,SE,SLOW,SE,DN,CSMT,BUD,12_CAR,NON_AC,
96216,BL 24,BL24,1,SE,SLOW,SE,UP,BUD,CSMT,12_CAR,NON_AC,
96217,BL 49,BL49,1,SE,SLOW,SE,DN,CSMT,BUD,12_CAR,NON_AC,
96218,BL 26,BL26,1,SE,SLOW,SE,UP,BUD,CSMT,12_CAR,NON_AC,
96219,TBL 9,TBL9,1,SE,SLOW,SE,DN,TNA,BUD,12_CAR,NON_AC,
96220,BL 28,BL28,1,SE,SLOW,SE,UP,BUD,CSMT,12_CAR,NON_AC,
96221,BL 51,BL51,1,SE,SLOW,SE,DN,CSMT,BUD,12_CAR,NON_AC,
96222,BL 58,BL58,1,SE,SLOW,SE,UP,BUD,CSMT,12_CAR,NON_AC,
96223,BL 53,BL53,1,SE,SLOW,SE,DN,CSMT,BUD,12_CAR,NON_AC,
96224,BL 62,BL62,1,SE,SLOW,SE,UP,BUD,CSMT,12_CAR,NON_AC,
96225,BL 55,BL55,1,SE,SLOW,SE,DN,CSMT,BUD,12_CAR,NON_AC,
96226,PBL 2,PBL2,1,SE,SLOW,SE,UP,BUD,CSMT,12_CAR,NON_AC,
96227,BL 59,BL59,1,SE,SLOW,SE,DN,CSMT,BUD,12_CAR,NON_AC,
96228,TBL 4,TBL4,1,SE,SLOW,SE,UP,BUD,TNA,12_CAR,NON_AC,
96229,BL 61,BL61,1,SE,SLOW,SE,DN,CSMT,BUD,12_CAR,NON_AC,
96230,BL 68,BL68,1,SE,SLOW,SE,UP,BUD,CSMT,12_CAR,NON_AC,
96301,A 1,A1,1,SE,SLOW,SE,DN,CSMT,ABH,12_CAR,NON_AC,
96302,A 2,A2,1,SE,SLOW,SE,UP,ABH,CSMT,12_CAR,NON_AC,
96303,A 3,A3,1,SE,SLOW,SE,DN,CSMT,ABH,12_CAR,NON_AC,
96304,A 4,A4,1,SE,SLOW,SE,UP,ABH,CSMT,12_CAR,NON_AC,
96305,A 5,A5,1,SE,SLOW,SE,DN,CSMT,ABH,12_CAR,NON_AC,
96306,A 6,A6,1,SE,SLOW,SE,UP,ABH,CSMT,12_CAR,NON_AC,
96307,CA 1,CA1,1,SE,SLOW,SE,DN,CLA,ABH,12_CAR,NON_AC,
96308,A 8,A8,1,SE,SLOW,SE,UP,ABH,CSMT,12_CAR,NON_AC,
96309,A 7,A7,1,SE,SLOW,SE,DN,CSMT,ABH,12_CAR,NON_AC,
96310,A 10,A10,1,SE,SLOW,SE,UP,ABH,CSMT,12_CAR,NON_AC,
96311,A 23,A23,1,SE,SLOW,SE,DN,CSMT,ABH,12_CAR,NON_AC,
96313,A 25,A25,1,SE,SLOW,SE,DN,CSMT,ABH,12_CAR,AC,
96314,A 30,A30,1,SE,SLOW,SE,UP,ABH,CSMT,12_CAR,AC,
96315,A 27,A27,1,SE,SLOW,SE,DN,CSMT,ABH,12_CAR,NON_AC,
96316,A 32,A32,1,SE,SLOW,SE,UP,ABH,CSMT,12_CAR,NON_AC,
96317,A 29,A29,1,SE,SLOW,SE,DN,CSMT,ABH,12_CAR,AC,
96318,A 34,A34,1,SE,SLOW,SE,UP,ABH,CSMT,12_CAR,NON_AC,
96319,A 31,A31,1,SE,SLOW,SE,DN,CSMT,ABH,12_CAR,NON_AC,
96320,A 36,A36,1,SE,SLOW,SE,UP,ABH,CSMT,12_CAR,NON_AC,
96321,A 33,A33,1,SE,SLOW,SE,DN,CSMT,ABH,12_CAR,NON_AC,
96322,A 38,A38,1,SE,SLOW,SE,UP,ABH,CSMT,12_CAR,NON_AC,
96323,TA 1,TA1,1,SE,SLOW,SE,DN,CSMT,ABH,12_CAR,NON_AC,
96324,A 40,A40,1,SE,SLOW,SE,UP,ABH,CSMT,12_CAR,AC,
96325,A 37,A37,1,SE,SLOW,SE,DN,CSMT,ABH,12_CAR,NON_AC,
96326,A 54,A54,1,SE,SLOW,SE,UP,ABH,CSMT,12_CAR,NON_AC,
96327,A 47,A47,1,SE,SLOW,SE,DN,CSMT,ABH,12_CAR,NON_AC,
96328,A 62,A62,1,SE,SLOW,SE,UP,ABH,CSMT,12_CAR,NON_AC,
96329,TA 3,TA3,1,SE,SLOW,SE,DN,CSMT,ABH,12_CAR,NON_AC,
96330,A 64,A64,1,SE,SLOW,SE,UP,ABH,CSMT,12_CAR,NON_AC,
96331,A 51,A51,1,SE,SLOW,SE,DN,CSMT,ABH,12_CAR,NON_AC,
96332,A 66,A66,1,SE,SLOW,SE,UP,ABH,CSMT,12_CAR,NON_AC,
96333,A 53,A53,1,SE,SLOW,SE,DN,CSMT,ABH,12_CAR,NON_AC,
96335,A 57,A57,1,SE,SLOW,SE,DN,CSMT,ABH,12_CAR,NON_AC,
96337,PA 1,PA1,1,SE,SLOW,SE,DN,PR,ABH,12_CAR,NON_AC,
96339,PA 3,PA3,1,SE,SLOW,SE,DN,PR,ABH,12_CAR,NON_AC,
96401,N 1,N1,1,NE,SLOW,NE,DN,CSMT,KSRA,12_CAR,NON_AC,
96402,N 2,N2,1,NE,SLOW,NE,UP,KSRA,CSMT,12_CAR,NON_AC,
96403,N 3,N3,1,NE,SLOW,NE,DN,CSMT,KSRA,12_CAR,NON_AC,
96404,N 4,N4,1,NE,SLOW,NE,UP,KSRA,CSMT,12_CAR,NON_AC,
96405,N 5,N5,1,NE,SLOW,NE,DN,CSMT,KSRA,12_CAR,NON_AC,
96406,N 36,N36,1,NE,SLOW,NE,UP,KSRA,CSMT,12_CAR,NON_AC,
96407,N 19,N19,1,NE,SLOW,NE,DN,CSMT,KSRA,12_CAR,NON_AC,
96409,N 23,N23,1,NE,SLOW,NE,DN,CSMT,KSRA,12_CAR,NON_AC,
96411,N 33,N33,1,NE,SLOW,NE,DN,CSMT,KSRA,12_CAR,NON_AC,
96501,KAN 1,KAN1,1,NE,SLOW,NE,DN,KYN,ASO,12_CAR,NON_AC,
96502,AN 2,AN2,1,NE,SLOW,NE,UP,ASO,CSMT,12_CAR,NON_AC,
96503,TAN 1,TAN1,1,NE,SLOW,NE,DN,TNA,ASO,12_CAR,NON_AC,
96504,AN 4,AN4,1,NE,SLOW,NE,UP,ASO,CSMT,12_CAR,NON_AC,
96505,AN 1,AN1,1,NE,SLOW,NE,DN,CSMT,ASO,12_CAR,NON_AC,
96506,TAN 2,TAN2,1,NE,SLOW,NE,UP,ASO,TNA,12_CAR,NON_AC,
96507,AN 3,AN3,1,NE,SLOW,NE,DN,CSMT,ASO,12_CAR,NON_AC,
96508,AN 10,AN10,1,NE,SLOW,NE,UP,ASO,CSMT,12_CAR,NON_AC,
96509,KAN 3,KAN3,1,NE,SLOW,NE,DN,KYN,ASO,12_CAR,NON_AC,
96510,AN 12,AN12,1,NE,SLOW,NE,UP,ASO,CSMT,12_CAR,NON_AC,
96511,AN 7,AN7,1,NE,SLOW,NE,DN,CSMT,ASO,12_CAR,NON_AC,
96512,AN 14,AN14,1,NE,SLOW,NE,UP,ASO,CSMT,12_CAR,NON_AC,
96513,TAN 3,TAN3,1,NE,SLOW,NE,DN,TNA,ASO,12_CAR,NON_AC,
96514,TAN 4,TAN4,1,NE,SLOW,NE,UP,ASO,TNA,12_CAR,NON_AC,
96515,AN 13,AN13,1,NE,SLOW,NE,DN,CSMT,ASO,12_CAR,NON_AC,
96516,AN 24,AN24,1,NE,SLOW,NE,UP,ASO,CSMT,12_CAR,NON_AC,
96517,AN 17,AN17,1,NE,SLOW,NE,DN,CSMT,ASO,12_CAR,NON_AC,
96518,AN 28,AN28,1,NE,SLOW,NE,UP,ASO,CSMT,12_CAR,NON_AC,
96519,AN 29,AN29,1,NE,SLOW,NE,DN,CSMT,ASO,12_CAR,NON_AC,
96520,AN 32,AN32,1,NE,SLOW,NE,UP,ASO,CSMT,12_CAR,NON_AC,
96522,TAN 6,TAN6,1,NE,SLOW,NE,UP,ASO,TNA,12_CAR,NON_AC,
96601,CTL 1,CTL1,1,NE,SLOW,NE,DN,CSMT,TLA,12_CAR,NON_AC,
96602,TL 2,TL2,1,NE,SLOW,NE,UP,TLA,CSMT,12_CAR,NON_AC,
96603,TTL 1,TTL1,1,NE,SLOW,NE,DN,TNA,TLA,12_CAR,AC,
96604,TL 4,TL4,1,NE,SLOW,NE,UP,TLA,CSMT,12_CAR,NON_AC,
96605,TL 1,TL1,1,NE,SLOW,NE,DN,CSMT,TLA,12_CAR,NON_AC,
96606,TL 6,TL6,1,NE,SLOW,NE,UP,TLA,CSMT,12_CAR,NON_AC,
96607,TL 3,TL3,1,NE,SLOW,NE,DN,CSMT,TLA,12_CAR,NON_AC,
96608,TL 8,TL8,1,NE,SLOW,NE,UP,TLA,CSMT,12_CAR,NON_AC,
96609,TL 5,TL5,1,NE,SLOW,NE,DN,CSMT,TLA,12_CAR,NON_AC,
96610,TL 10,TL10,1,NE,SLOW,NE,UP,TLA,CSMT,12_CAR,NON_AC,
96611,TL 7,TL7,1,NE,SLOW,NE,DN,CSMT,TLA,12_CAR,AC,
96612,TL 12,TL12,1,NE,SLOW,NE,UP,TLA,CSMT,12_CAR,AC,
96613,TL 9,TL9,1,NE,SLOW,NE,DN,CSMT,TLA,12_CAR,NON_AC,
96614,TL 16,TL16,1,NE,SLOW,NE,UP,TLA,CSMT,12_CAR,NON_AC,
96615,TTL 3,TTL3,1,NE,SLOW,NE,DN,TNA,TLA,12_CAR,NON_AC,
96616,PTL 2,PTL2,1,NE,SLOW,NE,UP,TLA,PR,12_CAR,NON_AC,
96617,TTL 5,TTL5,1,NE,SLOW,NE,DN,TNA,TLA,12_CAR,NON_AC,
96618,TL 18,TL18,1,NE,SLOW,NE,UP,TLA,CSMT,12_CAR,AC,
96619,TL 17,TL17,1,NE,SLOW,NE,DN,CSMT,TLA,12_CAR,NON_AC,
96620,PTL 4,PTL4,1,NE,SLOW,NE,UP,TLA,PR,12_CAR,NON_AC,
96621,TL 23,TL23,1,NE,SLOW,NE,DN,CSMT,TLA,12_CAR,NON_AC,
96622,TL 22,TL22,1,NE,SLOW,NE,UP,TLA,CSMT,12_CAR,NON_AC,
96623,TL 25,TL25,1,NE,SLOW,NE,DN,CSMT,TLA,12_CAR,NON_AC,
96624,TL 26,TL26,1,NE,SLOW,NE,UP,TLA,CSMT,12_CAR,NON_AC,
96625,TL 27,TL27,1,NE,SLOW,NE,DN,CSMT,TLA,12_CAR,NON_AC,
96626,TL 28,TL28,1,NE,SLOW,NE,UP,TLA,CSMT,12_CAR,NON_AC,
96627,TL 29,TL29,1,NE,SLOW,NE,DN,CSMT,TLA,12_CAR,NON_AC,
96628,TL 30,TL30,1,NE,SLOW,NE,UP,TLA,CSMT,12_CAR,NON_AC,
96629,TTL 7,TTL7,1,NE,SLOW,NE,DN,TNA,TLA,12_CAR,NON_AC,
96630,TL 32,TL32,1,NE,SLOW,NE,UP,TLA,CSMT,12_CAR,NON_AC,
96631,TL 31,TL31,1,NE,SLOW,NE,DN,CSMT,TLA,12_CAR,NON_AC,
96632,TL 34,TL34,1,NE,SLOW,NE,UP,TLA,CSMT,12_CAR,NON_AC,
96633,TL 33,TL33,1,NE,SLOW,NE,DN,CSMT,TLA,12_CAR,NON_AC,
96634,TL 36,TL36,1,NE,SLOW,NE,UP,TLA,CSMT,12_CAR,NON_AC,
96635,TL 35,TL35,1,NE,SLOW,NE,DN,CSMT,TLA,12_CAR,NON_AC,
96636,TL 38,TL38,1,NE,SLOW,NE,UP,TLA,CSMT,12_CAR,NON_AC,
96637,TL 37,TL37,1,NE,SLOW,NE,DN,CSMT,TLA,12_CAR,NON_AC,
96638,TL 40,TL40,1,NE,SLOW,NE,UP,TLA,CSMT,12_CAR,NON_AC,
96639,TL 39,TL39,1,NE,SLOW,NE,DN,CSMT,TLA,12_CAR,NON_AC,
96640,TL 42,TL42,1,NE,SLOW,NE,UP,TLA,CSMT,12_CAR,NON_AC,
96641,TL 53,TL53,1,NE,SLOW,NE,DN,CSMT,TLA,12_CAR,NON_AC,
96642,TL 44,TL44,1,NE,SLOW,NE,UP,TLA,CSMT,12_CAR,NON_AC,
96643,TL 55,TL55,1,NE,SLOW,NE,DN,CSMT,TLA,12_CAR,NON_AC,
96644,TL 46,TL46,1,NE,SLOW,NE,UP,TLA,CSMT,12_CAR,NON_AC,
96645,TL 57,TL57,1,NE,SLOW,NE,DN,CSMT,TLA,12_CAR,NON_AC,
96646,TTL 2,TTL2,1,NE,SLOW,NE,UP,TLA,TNA,12_CAR,NON_AC,
96647,TL 59,TL59,1,NE,SLOW,NE,DN,CSMT,TLA,12_CAR,NON_AC,
96648,TL 58,TL58,1,NE,SLOW,NE,UP,TLA,CSMT,12_CAR,NON_AC,
96649,TL 61,TL61,1,NE,SLOW,NE,DN,CSMT,TLA,12_CAR,NON_AC,
96650,TL 60,TL60,1,NE,SLOW,NE,UP,TLA,CSMT,12_CAR,NON_AC,
96651,TL 63,TL63,1,NE,SLOW,NE,DN,CSMT,TLA,12_CAR,NON_AC,
96652,TL 62,TL62,1,NE,SLOW,NE,UP,TLA,CSMT,12_CAR,NON_AC,
96653,TL 65,TL65,1,NE,SLOW,NE,DN,CSMT,TLA,12_CAR,NON_AC,
96654,TL 64,TL64,1,NE,SLOW,NE,UP,TLA,CSMT,12_CAR,NON_AC,
96656,TL 66,TL66,1,NE,SLOW,NE,UP,TLA,CSMT,12_CAR,NON_AC,
96658,TL 68,TL68,1,NE,SLOW,NE,UP,TLA,CSMT,12_CAR,NON_AC,
96660,TTL 4,TTL4,1,NE,SLOW,NE,UP,TLA,TNA,12_CAR,NON_AC,
96662,TTL 6,TTL6,1,NE,SLOW,NE,UP,TLA,TNA,12_CAR,NON_AC,
97001,TK 1,TK1,1,MAIN,SLOW,MAIN,DN,TNA,KYN,12_CAR,NON_AC,
97002,K 2,K2,1,MAIN,SLOW,MAIN,UP,KYN,CSMT,12_CAR,NON_AC,
97003,K 1,K1,1,MAIN,SLOW,MAIN,DN,CSMT,KYN,12_CAR,NON_AC,
97004,KW 2,KW2,1,MAIN,SLOW,MAIN,UP,KYN,CSMT,12_CAR,NON_AC,
97005,CK 1,CK1,1,MAIN,SLOW,MAIN,DN,CLA,KYN,12_CAR,NON_AC,
97006,K 4,K4,1,MAIN,SLOW,MAIN,UP,KYN,CSMT,12_CAR,NON_AC,
97007,TK 3,TK3,1,MAIN,SLOW,MAIN,DN,TNA,KYN,12_CAR,NON_AC,
97008,K 6,K6,1,MAIN,SLOW,MAIN,UP,KYN,CSMT,12_CAR,NON_AC,
97009,CK 3,CK3,1,MAIN,SLOW,MAIN,DN,CLA,KYN,12_CAR,NON_AC,
97010,K 8,K8,1,MAIN,SLOW,MAIN,UP,KYN,CSMT,12_CAR,NON_AC,
97011,CK 5,CK5,1,MAIN,SLOW,MAIN,DN,CLA,KYN,12_CAR,NON_AC,
97012,K 10,K10,1,MAIN,SLOW,MAIN,UP,KYN,CSMT,12_CAR,NON_AC,
97013,CK 7,CK7,1,MAIN,SLOW,MAIN,DN,CLA,KYN,12_CAR,NON_AC,
97014,K 14,K14,1,MAIN,SLOW,MAIN,UP,KYN,CSMT,12_CAR,NON_AC,
97015,CK 9,CK9,1,MAIN,SLOW,MAIN,DN,CLA,KYN,12_CAR,NON_AC,
97016,PK 2,PK2,1,MAIN,SLOW,MAIN,UP,KYN,PR,12_CAR,NON_AC,
97017,PK 1,PK1,1,MAIN,SLOW,MAIN,DN,PR,KYN,12_CAR,NON_AC,
97018,PK 4,PK4,1,MAIN,SLOW,MAIN,UP,KYN,PR,12_CAR,NON_AC,
97019,PK 3,PK3,1,MAIN,SLOW,MAIN,DN,PR,KYN,12_CAR,NON_AC,
97020,PK 6,PK6,1,MAIN,SLOW,MAIN,UP,KYN,PR,12_CAR,NON_AC,
97021,K 7,K7,1,MAIN,SLOW,MAIN,DN,CSMT,KYN,12_CAR,NON_AC,
97022,K 16,K16,1,MAIN,SLOW,MAIN,UP,KYN,CSMT,12_CAR,AC,
97023,CK 11,CK11,1,MAIN,SLOW,MAIN,DN,CLA,KYN,12_CAR,NON_AC,
97024,K 20,K20,1,MAIN,SLOW,MAIN,UP,KYN,CSMT,12_CAR,NON_AC,
97025,K 9,K9,1,MAIN,SLOW,MAIN,DN,CSMT,KYN,12_CAR,NON_AC,
97026,K 22,K22,1,MAIN,SLOW,MAIN,UP,KYN,CSMT,12_CAR,NON_AC,
97027,K 13,K13,1,MAIN,SLOW,MAIN,DN,CSMT,KYN,12_CAR,NON_AC,
97028,PK 8,PK8,1,MAIN,SLOW,MAIN,UP,KYN,PR,12_CAR,NON_AC,
97029,K 15,K15,1,MAIN,SLOW,MAIN,DN,CSMT,KYN,12_CAR,NON_AC,
97030,K 26,K26,1,MAIN,SLOW,MAIN,UP,KYN,CSMT,12_CAR,NON_AC,
97031,PK 5,PK5,1,MAIN,SLOW,MAIN,DN,PR,KYN,12_CAR,NON_AC,
97032,K 28,K28,1,MAIN,SLOW,MAIN,UP,KYN,CSMT,12_CAR,NON_AC,
97033,K 19,K19,1,MAIN,SLOW,MAIN,DN,CSMT,KYN,12_CAR,NON_AC,
97034,K 32,K32,1,MAIN,SLOW,MAIN,UP,KYN,CSMT,12_CAR,NON_AC,
97035,PK 7,PK7,1,MAIN,SLOW,MAIN,DN,PR,KYN,12_CAR,NON_AC,
97036,TK 2,TK2,1,MAIN,SLOW,MAIN,UP,KYN,TNA,12_CAR,NON_AC,
97037,K 21,K21,1,MAIN,SLOW,MAIN,DN,CSMT,KYN,12_CAR,NON_AC,
97038,PK 10,PK10,1,MAIN,SLOW,MAIN,UP,KYN,PR,12_CAR,NON_AC,
97039,CK 13,CK13,1,MAIN,SLOW,MAIN,DN,CLA,KYN,12_CAR,NON_AC,
97040,K 42,K42,1,MAIN,SLOW,MAIN,UP,KYN,CSMT,12_CAR,NON_AC,
97041,K 25,K25,1,MAIN,SLOW,MAIN,DN,CSMT,KYN,12_CAR,AC,
97042,K 44,K44,1,MAIN,SLOW,MAIN,UP,KYN,CSMT,12_CAR,NON_AC,
97043,K 29,K29,1,MAIN,SLOW,MAIN,DN,CSMT,KYN,12_CAR,NON_AC,
97044,K 48,K48,1,MAIN,SLOW,MAIN,UP,KYN,CSMT,12_CAR,NON_AC,
97045,TK 5,TK5,1,MAIN,SLOW,MAIN,DN,TNA,KYN,12_CAR,NON_AC,
97046,K 50,K50,1,MAIN,SLOW,MAIN,UP,KYN,CSMT,12_CAR,NON_AC,
97047,K 31,K31,1,MAIN,SLOW,MAIN,DN,CSMT,KYN,12_CAR,NON_AC,
97048,K 52,K52,1,MAIN,SLOW,MAIN,UP,KYN,CSMT,12_CAR,AC,
97049,K 33,K33,1,MAIN,SLOW,MAIN,DN,CSMT,KYN,12_CAR,NON_AC,
97050,CK 2,CK2,1,MAIN,SLOW,MAIN,UP,KYN,CLA,12_CAR,NON_AC,
97051,K 35,K35,1,MAIN,SLOW,MAIN,DN,CSMT,KYN,12_CAR,NON_AC,
97052,PK 12,PK12,1,MAIN,SLOW,MAIN,UP,KYN,PR,12_CAR,NON_AC,
97053,K 39,K39,1,MAIN,SLOW,MAIN,DN,CSMT,KYN,12_CAR,NON_AC,
97054,TK 4,TK4,1,MAIN,SLOW,MAIN,UP,KYN,TNA,12_CAR,NON_AC,
97055,K 41,K41,1,MAIN,SLOW,MAIN,DN,CSMT,KYN,12_CAR,NON_AC,
97056,PK 14,PK14,1,MAIN,SLOW,MAIN,UP,KYN,PR,12_CAR,NON_AC,
97057,PK 9,PK9,1,MAIN,SLOW,MAIN,DN,PR,KYN,12_CAR,NON_AC,
97058,TK 6,TK6,1,MAIN,SLOW,MAIN,UP,KYN,TNA,12_CAR,NON_AC,
97059,K 43,K43,1,MAIN,SLOW,MAIN,DN,CSMT,KYN,12_CAR,NON_AC,
97060,PK 16,PK16,1,MAIN,SLOW,MAIN,UP,KYN,PR,12_CAR,NON_AC,
97061,PK 11,PK11,1,MAIN,SLOW,MAIN,DN,PR,KYN,12_CAR,NON_AC,
97062,K 56,K56,1,MAIN,SLOW,MAIN,UP,KYN,CSMT,12_CAR,NON_AC,
97063,K 45,K45,1,MAIN,SLOW,MAIN,DN,CSMT,KYN,12_CAR,NON_AC,
97064,PK 18,PK18,1,MAIN,SLOW,MAIN,UP,KYN,PR,12_CAR,NON_AC,
97065,PK 13,PK13,1,MAIN,SLOW,MAIN,DN,PR,KYN,12_CAR,NON_AC,
97066,TK 8,TK8,1,MAIN,SLOW,MAIN,UP,KYN,TNA,12_CAR,NON_AC,
97067,CK 15,CK15,1,MAIN,SLOW,MAIN,DN,CLA,KYN,12_CAR,NON_AC,
97068,K 58,K58,1,MAIN,SLOW,MAIN,UP,KYN,CSMT,12_CAR,NON_AC,
97069,K 47,K47,1,MAIN,SLOW,MAIN,DN,CSMT,KYN,12_CAR,NON_AC,
97070,K 60,K60,1,MAIN,SLOW,MAIN,UP,KYN,CSMT,12_CAR,NON_AC,
97071,K 49,K49,1,MAIN,SLOW,MAIN,DN,CSMT,KYN,12_CAR,NON_AC,
97072,TK 10,TK10,1,MAIN,SLOW,MAIN,UP,KYN,TNA,12_CAR,NON_AC,
97073,K 51,K51,1,MAIN,SLOW,MAIN,DN,CSMT,KYN,12_CAR,NON_AC,
97074,CK 4,CK4,1,MAIN,SLOW,MAIN,UP,KYN,CLA,12_CAR,NON_AC,
97075,K 55,K55,1,MAIN,SLOW,MAIN,DN,CSMT,KYN,12_CAR,NON_AC,
97076,K 62,K62,1,MAIN,SLOW,MAIN,UP,KYN,CSMT,12_CAR,NON_AC,
97077,K 57,K57,1,MAIN,SLOW,MAIN,DN,CSMT,KYN,12_CAR,NON_AC,
97078,K 66,K66,1,MAIN,SLOW,MAIN,UP,KYN,CSMT,12_CAR,NON_AC,
97079,K 59,K59,1,MAIN,SLOW,MAIN,DN,CSMT,KYN,12_CAR,NON_AC,
97080,K 68,K68,1,MAIN,SLOW,MAIN,UP,KYN,CSMT,12_CAR,NON_AC,
97081,PK 15,PK15,1,MAIN,SLOW,MAIN,DN,PR,KYN,12_CAR,NON_AC,
97082,PK 20,PK20,1,MAIN,SLOW,MAIN,UP,KYN,PR,12_CAR,NON_AC,
97083,K 63,K63,1,MAIN,SLOW,MAIN,DN,CSMT,KYN,12_CAR,NON_AC,
97084,K 72,K72,1,MAIN,SLOW,MAIN,UP,KYN,CSMT,12_CAR,NON_AC,
97085,K 65,K65,1,MAIN,SLOW,MAIN,DN,CSMT,KYN,12_CAR,NON_AC,
97086,K 74,K74,1,MAIN,SLOW,MAIN,UP,KYN,CSMT,12_CAR,NON_AC,
97087,TK 7,TK7,1,MAIN,SLOW,MAIN,DN,TNA,KYN,12_CAR,NON_AC,
97088,K 76,K76,1,MAIN,SLOW,MAIN,UP,KYN,CSMT,12_CAR,NON_AC,
97089,K 67,K67,1,MAIN,SLOW,MAIN,DN,CSMT,KYN,12_CAR,NON_AC,
97090,K 78,K78,1,MAIN,SLOW,MAIN,UP,KYN,CSMT,12_CAR,NON_AC,
97091,CK 17,CK17,1,MAIN,SLOW,MAIN,DN,CLA,KYN,12_CAR,NON_AC,
97092,K 80,K80,1,MAIN,SLOW,MAIN,UP,KYN,CSMT,12_CAR,NON_AC,
97093,K 69,K69,1,MAIN,SLOW,MAIN,DN,CSMT,KYN,12_CAR,NON_AC,
97094,TK 12,TK12,1,MAIN,SLOW,MAIN,UP,KYN,TNA,12_CAR,NON_AC,
97095,K 71,K71,1,MAIN,SLOW,MAIN,DN,CSMT,KYN,12_CAR,NON_AC,
97096,K 82,K82,1,MAIN,SLOW,MAIN,UP,KYN,CSMT,12_CAR,NON_AC,
97097,K 73,K73,1,MAIN,SLOW,MAIN,DN,CSMT,KYN,12_CAR,NON_AC,
97098,K 84,K84,1,MAIN,SLOW,MAIN,UP,KYN,CSMT,12_CAR,NON_AC,
97099,K 75,K75,1,MAIN,SLOW,MAIN,DN,CSMT,KYN,12_CAR,NON_AC,
97100,PK 22,PK22,1,MAIN,SLOW,MAIN,UP,KYN,PR,12_CAR,NON_AC,
97101,PK 17,PK17,1,MAIN,SLOW,MAIN,DN,PR,KYN,12_CAR,NON_AC,
97102,TK 14,TK14,1,MAIN,SLOW,MAIN,UP,KYN,TNA,12_CAR,NON_AC,
97103,K 77,K77,1,MAIN,SLOW,MAIN,DN,CSMT,KYN,12_CAR,NON_AC,
97104,K 86,K86,1,MAIN,SLOW,MAIN,UP,KYN,CSMT,12_CAR,NON_AC,
97105,PK 19,PK19,1,MAIN,SLOW,MAIN,DN,PR,KYN,12_CAR,NON_AC,
97106,K 88,K88,1,MAIN,SLOW,MAIN,UP,KYN,CSMT,12_CAR,NON_AC,
97107,K 81,K81,1,MAIN,SLOW,MAIN,DN,CSMT,KYN,12_CAR,NON_AC,
97108,PK 24,PK24,1,MAIN,SLOW,MAIN,UP,KYN,PR,12_CAR,NON_AC,
97109,PK 21,PK21,1,MAIN,SLOW,MAIN,DN,PR,KYN,12_CAR,NON_AC,
97110,K 90,K90,1,MAIN,SLOW,MAIN,UP,KYN,CSMT,12_CAR,NON_AC,
97111,KW 1,KW1,1,MAIN,SLOW,MAIN,DN,CSMT,KYN,12_CAR,NON_AC,
97112,TK 16,TK16,1,MAIN,SLOW,MAIN,UP,KYN,TNA,12_CAR,NON_AC,
97113,K 83,K83,1,MAIN,SLOW,MAIN,DN,CSMT,KYN,12_CAR,NON_AC,
97114,PK 26,PK26,1,MAIN,SLOW,MAIN,UP,KYN,PR,12_CAR,NON_AC,
97115,K 85,K85,1,MAIN,SLOW,MAIN,DN,CSMT,KYN,12_CAR,NON_AC,
97116,K 94,K94,1,MAIN,SLOW,MAIN,UP,KYN,CSMT,12_CAR,NON_AC,
97117,CK 19,CK19,1,MAIN,SLOW,MAIN,DN,CLA,KYN,12_CAR,NON_AC,
97118,K 98,K98,1,MAIN,SLOW,MAIN,UP,KYN,CSMT,12_CAR,NON_AC,
97119,TK 9,TK9,1,MAIN,SLOW,MAIN,DN,TNA,KYN,12_CAR,NON_AC,
97120,K 100,K100,1,MAIN,SLOW,MAIN,UP,KYN,CSMT,12_CAR,NON_AC,
97121,CK 21,CK21,1,MAIN,SLOW,MAIN,DN,CLA,KYN,12_CAR,NON_AC,
97122,K 104,K104,1,MAIN,SLOW,MAIN,UP,KYN,CSMT,12_CAR,NON_AC,
97123,K 89,K89,1,MAIN,SLOW,MAIN,DN,CSMT,KYN,12_CAR,NON_AC,
97124,TK 18,TK18,1,MAIN,SLOW,MAIN,UP,KYN,TNA,12_CAR,NON_AC,
97125,CK 23,CK23,1,MAIN,SLOW,MAIN,DN,CLA,KYN,12_CAR,NON_AC,
97126,K 106,K106,1,MAIN,SLOW,MAIN,UP,KYN,CSMT,12_CAR,NON_AC,
97127,K 91,K91,1,MAIN,SLOW,MAIN,DN,CSMT,KYN,12_CAR,NON_AC,
97128,K 112,K112,1,MAIN,SLOW,MAIN,UP,KYN,CSMT,12_CAR,NON_AC,
97129,K 93,K93,1,MAIN,SLOW,MAIN,DN,CSMT,KYN,12_CAR,NON_AC,
97130,TK 20,TK20,1,MAIN,SLOW,MAIN,UP,KYN,TNA,12_CAR,NON_AC,
97131,PK 23,PK23,1,MAIN,SLOW,MAIN,DN,PR,KYN,12_CAR,NON_AC,
97132,CK 6,CK6,1,MAIN,SLOW,MAIN,UP,KYN,CLA,12_CAR,NON_AC,
97133,CK 25,CK25,1,MAIN,SLOW,MAIN,DN,CLA,KYN,12_CAR,NON_AC,
97134,K 114,K114,1,MAIN,SLOW,MAIN,UP,KYN,CSMT,12_CAR,NON_AC,
97135,K 97,K97,1,MAIN,SLOW,MAIN,DN,CSMT,KYN,12_CAR,NON_AC,
97136,TK 22,TK22,1,MAIN,SLOW,MAIN,UP,KYN,TNA,12_CAR,NON_AC,
97137,CK 27,CK27,1,MAIN,SLOW,MAIN,DN,CLA,KYN,12_CAR,NON_AC,
97138,K 116,K116,1,MAIN,SLOW,MAIN,UP,KYN,CSMT,12_CAR,NON_AC,
97139,K 99,K99,1,MAIN,SLOW,MAIN,DN,CSMT,KYN,12_CAR,NON_AC,
97140,PK 28,PK28,1,MAIN,SLOW,MAIN,UP,KYN,PR,12_CAR,NON_AC,
97141,PK 25,PK25,1,MAIN,SLOW,MAIN,DN,PR,KYN,12_CAR,NON_AC,
97142,K 118,K118,1,MAIN,SLOW,MAIN,UP,KYN,CSMT,12_CAR,NON_AC,
97143,K 103,K103,1,MAIN,SLOW,MAIN,DN,CSMT,KYN,12_CAR,NON_AC,
97144,K 120,K120,1,MAIN,SLOW,MAIN,UP,KYN,CSMT,12_CAR,NON_AC,
97145,K 105,K105,1,MAIN,SLOW,MAIN,DN,CSMT,KYN,12_CAR,NON_AC,
97146,PK 30,PK30,1,MAIN,SLOW,MAIN,UP,KYN,PR,12_CAR,NON_AC,
97147,TK 11,TK11,1,MAIN,SLOW,MAIN,DN,TNA,KYN,12_CAR,NON_AC,
97148,K 122,K122,1,MAIN,SLOW,MAIN,UP,KYN,CSMT,12_CAR,NON_AC,
97149,PK 27,PK27,1,MAIN,SLOW,MAIN,DN,PR,KYN,12_CAR,AC,
97150,TK 24,TK24,1,MAIN,SLOW,MAIN,UP,KYN,TNA,12_CAR,NON_AC,
97151,PK 29,PK29,1,MAIN,SLOW,MAIN,DN,PR,KYN,12_CAR,NON_AC,
97152,K 124,K124,1,MAIN,SLOW,MAIN,UP,KYN,CSMT,12_CAR,AC,
97153,K 111,K111,1,MAIN,SLOW,MAIN,DN,CSMT,KYN,12_CAR,NON_AC,
97154,PK 32,PK32,1,MAIN,SLOW,MAIN,UP,KYN,PR,12_CAR,AC,
97155,K 113,K113,1,MAIN,SLOW,MAIN,DN,CSMT,KYN,12_CAR,NON_AC,
97156,K 126,K126,1,MAIN,SLOW,MAIN,UP,KYN,CSMT,12_CAR,NON_AC,
97157,K 115,K115,1,MAIN,SLOW,MAIN,DN,CSMT,KYN,12_CAR,AC,
97158,K 128,K128,1,MAIN,SLOW,MAIN,UP,KYN,CSMT,12_CAR,NON_AC,
97159,CK 29,CK29,1,MAIN,SLOW,MAIN,DN,CLA,KYN,12_CAR,NON_AC,
97160,PK 34,PK34,1,MAIN,SLOW,MAIN,UP,KYN,PR,12_CAR,NON_AC,
97161,K 119,K119,1,MAIN,SLOW,MAIN,DN,CSMT,KYN,12_CAR,NON_AC,
97162,TK 26,TK26,1,MAIN,SLOW,MAIN,UP,KYN,TNA,12_CAR,NON_AC,
97163,K 121,K121,1,MAIN,SLOW,MAIN,DN,CSMT,KYN,12_CAR,AC,
97164,CK 8,CK8,1,MAIN,SLOW,MAIN,UP,KYN,CLA,12_CAR,AC,
97165,PK 31,PK31,1,MAIN,SLOW,MAIN,DN,PR,KYN,12_CAR,NON_AC,
97166,PK 36,PK36,1,MAIN,SLOW,MAIN,UP,KYN,PR,12_CAR,NON_AC,
97167,K 123,K123,1,MAIN,SLOW,MAIN,DN,CSMT,KYN,12_CAR,NON_AC,
97168,K 130,K130,1,MAIN,SLOW,MAIN,UP,KYN,CSMT,12_CAR,AC,
97169,PK 33,PK33,1,MAIN,SLOW,MAIN,DN,PR,KYN,12_CAR,NON_AC,
97170,K 132,K132,1,MAIN,SLOW,MAIN,UP,KYN,CSMT,12_CAR,NON_AC,
97171,K 125,K125,1,MAIN,SLOW,MAIN,DN,CSMT,KYN,12_CAR,NON_AC,
97172,K 134,K134,1,MAIN,SLOW,MAIN,UP,KYN,CSMT,12_CAR,NON_AC,
97173,K 127,K127,1,MAIN,SLOW,MAIN,DN,CSMT,KYN,12_CAR,AC,
97174,K 136,K136,1,MAIN,SLOW,MAIN,UP,KYN,CSMT,12_CAR,NON_AC,
97175,PK 35,PK35,1,MAIN,SLOW,MAIN,DN,PR,KYN,12_CAR,AC,
97176,CK 10,CK10,1,MAIN,SLOW,MAIN,UP,KYN,CLA,12_CAR,AC,
97177,PK 37,PK37,1,MAIN,SLOW,MAIN,DN,PR,KYN,12_CAR,NON_AC,
97178,TK 28,TK28,1,MAIN,SLOW,MAIN,UP,KYN,TNA,12_CAR,AC,
97179,K 131,K131,1,MAIN,SLOW,MAIN,DN,CSMT,KYN,12_CAR,NON_AC,
97180,TK 30,TK30,1,MAIN,SLOW,MAIN,UP,KYN,TNA,12_CAR,AC,
97181,CK 31,CK31,1,MAIN,SLOW,MAIN,DN,CLA,KYN,12_CAR,NON_AC,
97182,TK 32,TK32,1,MAIN,SLOW,MAIN,UP,KYN,TNA,12_CAR,NON_AC,
97183,K 133,K133,1,MAIN,SLOW,MAIN,DN,CSMT,KYN,12_CAR,NON_AC,
97185,K 135,K135,1,MAIN,SLOW,MAIN,DN,CSMT,KYN,12_CAR,NON_AC,
97187,K 137,K137,1,MAIN,SLOW,MAIN,DN,CSMT,KYN,12_CAR,NON_AC,
97201,TDL 1,TDL1,1,MAIN,SLOW,MAIN,DN,CSMT,DI,12_CAR,NON_AC,
97202,DL 2,DL2,1,MAIN,SLOW,MAIN,UP,DI,CSMT,12_CAR,NON_AC,
97203,DL 1,DL1,1,MAIN,SLOW,MAIN,DN,CSMT,DI,12_CAR,NON_AC,
97204,DL 6,DL6,1,MAIN,SLOW,MAIN,UP,DI,CSMT,12_CAR,NON_AC,
97205,CDL 1,CDL1,1,MAIN,SLOW,MAIN,DN,CLA,DI,12_CAR,NON_AC,
97206,DL 8,DL8,1,MAIN,SLOW,MAIN,UP,DI,CSMT,12_CAR,NON_AC,
97207,DL 3,DL3,1,MAIN,SLOW,MAIN,DN,CSMT,DI,12_CAR,NON_AC,
97208,DL 12,DL12,1,MAIN,SLOW,MAIN,UP,DI,CSMT,12_CAR,NON_AC,
97209,DL 5,DL5,1,MAIN,SLOW,MAIN,DN,CSMT,DI,12_CAR,NON_AC,
97210,DL 14,DL14,1,MAIN,SLOW,MAIN,UP,DI,CSMT,12_CAR,NON_AC,
97211,DL 7,DL7,1,MAIN,SLOW,MAIN,DN,CSMT,DI,12_CAR,NON_AC,
97212,PDL 2,PDL2,1,MAIN,SLOW,MAIN,UP,DI,PR,12_CAR,NON_AC,
97213,DL 9,DL9,1,MAIN,SLOW,MAIN,DN,CSMT,DI,12_CAR,NON_AC,
97214,DL 16,DL16,1,MAIN,SLOW,MAIN,UP,DI,CSMT,12_CAR,NON_AC,
97215,PDL 1,PDL1,1,MAIN,SLOW,MAIN,DN,PR,DI,12_CAR,NON_AC,
97216,DL 18,DL18,1,MAIN,SLOW,MAIN,UP,DI,CSMT,12_CAR,NON_AC,
97217,DL 11,DL11,1,MAIN,SLOW,MAIN,DN,CSMT,DI,12_CAR,AC,
97218,DL 20,DL20,1,MAIN,SLOW,MAIN,UP,DI,CSMT,12_CAR,AC,
97219,DL 13,DL13,1,MAIN,SLOW,MAIN,DN,CSMT,DI,12_CAR,NON_AC,
97220,DL 22,DL22,1,MAIN,SLOW,MAIN,UP,DI,CSMT,12_CAR,NON_AC,
97221,DL 15,DL15,1,MAIN,SLOW,MAIN,DN,CSMT,DI,12_CAR,NON_AC,
97222,DL 24,DL24,1,MAIN,SLOW,MAIN,UP,DI,CSMT,12_CAR,NON_AC,
97223,PDL 3,PDL3,1,MAIN,SLOW,MAIN,DN,PR,DI,12_CAR,NON_AC,
97224,DL 26,DL26,1,MAIN,SLOW,MAIN,UP,DI,CSMT,12_CAR,NON_AC,
97225,PDL 5,PDL5,1,MAIN,SLOW,MAIN,DN,PR,DI,12_CAR,NON_AC,
97226,PDL 4,PDL4,1,MAIN,SLOW,MAIN,UP,DI,PR,12_CAR,NON_AC,
97227,DL 19,DL19,1,MAIN,SLOW,MAIN,DN,CSMT,DI,12_CAR,NON_AC,
97228,DL 28,DL28,1,MAIN,SLOW,MAIN,UP,DI,CSMT,12_CAR,NON_AC,
97229,PDL 7,PDL7,1,MAIN,SLOW,MAIN,DN,PR,DI,12_CAR,NON_AC,
97230,DL 30,DL30,1,MAIN,SLOW,MAIN,UP,DI,CSMT,12_CAR,NON_AC,
97231,DL 21,DL21,1,MAIN,SLOW,MAIN,DN,CSMT,DI,12_CAR,NON_AC,
97232,DL 32,DL32,1,MAIN,SLOW,MAIN,UP,DI,CSMT,12_CAR,NON_AC,
97233,DL 23,DL23,1,MAIN,SLOW,MAIN,DN,CSMT,DI,12_CAR,NON_AC,
97234,DL 34,DL34,1,MAIN,SLOW,MAIN,UP,DI,CSMT,12_CAR,NON_AC,
97235,DL 25,DL25,1,MAIN,SLOW,MAIN,DN,CSMT,DI,12_CAR,AC,
97236,DL 36,DL36,1,MAIN,SLOW,MAIN,UP,DI,CSMT,12_CAR,AC,
97237,DL 27,DL27,1,MAIN,SLOW,MAIN,DN,CSMT,DI,12_CAR,NON_AC,
97238,DL 38,DL38,1,MAIN,SLOW,MAIN,UP,DI,CSMT,12_CAR,NON_AC,
97239,DL 29,DL29,1,MAIN,SLOW,MAIN,DN,CSMT,DI,12_CAR,AC,
97240,PDL 6,PDL6,1,MAIN,SLOW,MAIN,UP,DI,PR,12_CAR,AC,
97241,DL 31,DL31,1,MAIN,SLOW,MAIN,DN,CSMT,DI,12_CAR,NON_AC,
97242,DL 40,DL40,1,MAIN,SLOW,MAIN,UP,DI,CSMT,12_CAR,NON_AC,
97243,PDL 9,PDL9,1,MAIN,SLOW,MAIN,DN,PR,DI,12_CAR,NON_AC,
97244,DL 42,DL42,1,MAIN,SLOW,MAIN,UP,DI,CSMT,12_CAR,NON_AC,
97245,DL 33,DL33,1,MAIN,SLOW,MAIN,DN,CSMT,DI,12_CAR,NON_AC,
97246,PDL 8,PDL8,1,MAIN,SLOW,MAIN,UP,DI,PR,12_CAR,NON_AC,
97247,PDL 11,PDL11,1,MAIN,SLOW,MAIN,DN,PR,DI,12_CAR,NON_AC,
97248,DL 44,DL44,1,MAIN,SLOW,MAIN,UP,DI,CSMT,12_CAR,NON_AC,
97249,DL 37,DL37,1,MAIN,SLOW,MAIN,DN,CSMT,DI,12_CAR,NON_AC,
97250,DL 46,DL46,1,MAIN,SLOW,MAIN,UP,DI,CSMT,12_CAR,NON_AC,
97251,DL 39,DL39,1,MAIN,SLOW,MAIN,DN,CSMT,DI,12_CAR,AC,
97252,DL 48,DL48,1,MAIN,SLOW,MAIN,UP,DI,CSMT,12_CAR,AC,
97253,DL 41,DL41,1,MAIN,SLOW,MAIN,DN,CSMT,DI,12_CAR,NON_AC,
97254,DL 50,DL50,1,MAIN,SLOW,MAIN,UP,DI,CSMT,12_CAR,NON_AC,
97255,DL 43,DL43,1,MAIN,SLOW,MAIN,DN,CSMT,DI,12_CAR,NON_AC,
97256,DL 52,DL52,1,MAIN,SLOW,MAIN,UP,DI,CSMT,12_CAR,NON_AC,
97257,PDL 13,PDL13,1,MAIN,SLOW,MAIN,DN,PR,DI,12_CAR,NON_AC,
97258,DL 54,DL54,1,MAIN,SLOW,MAIN,UP,DI,CSMT,12_CAR,NON_AC,
97259,DL 45,DL45,1,MAIN,SLOW,MAIN,DN,CSMT,DI,12_CAR,NON_AC,
97260,DL 56,DL56,1,MAIN,SLOW,MAIN,UP,DI,CSMT,12_CAR,NON_AC,
97261,DL 47,DL47,1,MAIN,SLOW,MAIN,DN,CSMT,DI,12_CAR,NON_AC,
97262,DL 58,DL58,1,MAIN,SLOW,MAIN,UP,DI,CSMT,12_CAR,NON_AC,
97263,DL 49,DL49,1,MAIN,SLOW,MAIN,DN,CSMT,DI,12_CAR,NON_AC,
97264,PDL 10,PDL10,1,MAIN,SLOW,MAIN,UP,DI,PR,12_CAR,NON_AC,
97301,T 1,T1,1,MAIN,SLOW,MAIN,DN,CSMT,TNA,12_CAR,NON_AC,
97302,T 2,T2,1,MAIN,SLOW,MAIN,UP,TNA,CSMT,12_CAR,NON_AC,
97303,CT 1,CT1,1,MAIN,SLOW,MAIN,DN,CSMT,TNA,12_CAR,NON_AC,
97304,T 4,T4,1,MAIN,SLOW,MAIN,UP,TNA,CSMT,12_CAR,NON_AC,
97305,T 3,T3,1,MAIN,SLOW,MAIN,DN,CSMT,TNA,12_CAR,NON_AC,
97306,T 6,T6,1,MAIN,SLOW,MAIN,UP,TNA,CSMT,12_CAR,NON_AC,
97307,T 5,T5,1,MAIN,SLOW,MAIN,DN,CSMT,TNA,12_CAR,NON_AC,
97308,T 8,T8,1,MAIN,SLOW,MAIN,UP,TNA,CSMT,12_CAR,NON_AC,
97309,T 7,T7,1,MAIN,SLOW,MAIN,DN,CSMT,TNA,12_CAR,NON_AC,
97310,T 12,T12,1,MAIN,SLOW,MAIN,UP,TNA,CSMT,12_CAR,AC,
97311,T 9,T9,1,MAIN,SLOW,MAIN,DN,CSMT,TNA,12_CAR,NON_AC,
97312,T 14,T14,1,MAIN,SLOW,MAIN,UP,TNA,CSMT,12_CAR,NON_AC,
97313,T 11,T11,1,MAIN,SLOW,MAIN,DN,CSMT,TNA,12_CAR,NON_AC,
97314,T 16,T16,1,MAIN,SLOW,MAIN,UP,TNA,CSMT,12_CAR,NON_AC,
97315,T 13,T13,1,MAIN,SLOW,MAIN,DN,CSMT,TNA,12_CAR,NON_AC,
97316,T 18,T18,1,MAIN,SLOW,MAIN,UP,TNA,CSMT,12_CAR,NON_AC,
97317,T 17,T17,1,MAIN,SLOW,MAIN,DN,CSMT,TNA,12_CAR,NON_AC,
97318,T 20,T20,1,MAIN,SLOW,MAIN,UP,TNA,CSMT,12_CAR,NON_AC,
97319,T 19,T19,1,MAIN,SLOW,MAIN,DN,CSMT,TNA,12_CAR,NON_AC,
97320,T 22,T22,1,MAIN,SLOW,MAIN,UP,TNA,CSMT,12_CAR,AC,
97321,PT 1,PT1,1,MAIN,SLOW,MAIN,DN,PR,TNA,12_CAR,NON_AC,
97322,T 24,T24,1,MAIN,SLOW,MAIN,UP,TNA,CSMT,12_CAR,NON_AC,
97323,T 21,T21,1,MAIN,SLOW,MAIN,DN,CSMT,TNA,12_CAR,NON_AC,
97324,T 26,T26,1,MAIN,SLOW,MAIN,UP,TNA,CSMT,12_CAR,NON_AC,
97325,T 23,T23,1,MAIN,SLOW,MAIN,DN,CSMT,TNA,12_CAR,NON_AC,
97326,T 30,T30,1,MAIN,SLOW,MAIN,UP,TNA,CSMT,12_CAR,NON_AC,
97327,PT 3,PT3,1,MAIN,SLOW,MAIN,DN,PR,TNA,12_CAR,NON_AC,
97328,T 34,T34,1,MAIN,SLOW,MAIN,UP,TNA,CSMT,12_CAR,NON_AC,
97329,T 27,T27,1,MAIN,SLOW,MAIN,DN,CSMT,TNA,12_CAR,NON_AC,
97330,T 36,T36,1,MAIN,SLOW,MAIN,UP,TNA,CSMT,12_CAR,NON_AC,
97331,T 31,T31,1,MAIN,SLOW,MAIN,DN,CSMT,TNA,12_CAR,NON_AC,
97332,T 38,T38,1,MAIN,SLOW,MAIN,UP,TNA,CSMT,12_CAR,NON_AC,
97333,T 33,T33,1,MAIN,SLOW,MAIN,DN,CSMT,TNA,12_CAR,NON_AC,
97334,T 40,T40,1,MAIN,SLOW,MAIN,UP,TNA,CSMT,12_CAR,NON_AC,
97335,T 35,T35,1,MAIN,SLOW,MAIN,DN,CSMT,TNA,12_CAR,NON_AC,
97336,T 44,T44,1,MAIN,SLOW,MAIN,UP,TNA,CSMT,12_CAR,NON_AC,
97337,T 39,T39,1,MAIN,SLOW,MAIN,DN,CSMT,TNA,12_CAR,NON_AC,
97338,T 46,T46,1,MAIN,SLOW,MAIN,UP,TNA,CSMT,12_CAR,NON_AC,
97339,T 41,T41,1,MAIN,SLOW,MAIN,DN,CSMT,TNA,12_CAR,NON_AC,
97340,T 48,T48,1,MAIN,SLOW,MAIN,UP,TNA,CSMT,12_CAR,NON_AC,
97341,T 43,T43,1,MAIN,SLOW,MAIN,DN,CSMT,TNA,12_CAR,NON_AC,
97342,T 50,T50,1,MAIN,SLOW,MAIN,UP,TNA,CSMT,12_CAR,NON_AC,
97343,T 45,T45,1,MAIN,SLOW,MAIN,DN,CSMT,TNA,12_CAR,NON_AC,
97344,T 52,T52,1,MAIN,SLOW,MAIN,UP,TNA,CSMT,12_CAR,NON_AC,
97345,T 47,T47,1,MAIN,SLOW,MAIN,DN,CSMT,TNA,12_CAR,NON_AC,
97346,T 56,T56,1,MAIN,SLOW,MAIN,UP,TNA,CSMT,12_CAR,NON_AC,
97347,T 49,T49,1,MAIN,SLOW,MAIN,DN,CSMT,TNA,12_CAR,NON_AC,
97348,T 58,T58,1,MAIN,SLOW,MAIN,UP,TNA,CSMT,12_CAR,NON_AC,
97349,T 51,T51,1,MAIN,SLOW,MAIN,DN,CSMT,TNA,12_CAR,NON_AC,
97350,T 60,T60,1,MAIN,SLOW,MAIN,UP,TNA,CSMT,12_CAR,NON_AC,
97351,T 53,T53,1,MAIN,SLOW,MAIN,DN,CSMT,TNA,12_CAR,NON_AC,
97352,T 62,T62,1,MAIN,SLOW,MAIN,UP,TNA,CSMT,12_CAR,NON_AC,
97353,T 55,T55,1,MAIN,SLOW,MAIN,DN,CSMT,TNA,12_CAR,NON_AC,
97354,T 64,T64,1,MAIN,SLOW,MAIN,UP,TNA,CSMT,12_CAR,NON_AC,
97355,T 57,T57,1,MAIN,SLOW,MAIN,DN,CSMT,TNA,12_CAR,NON_AC,
97356,T 68,T68,1,MAIN,SLOW,MAIN,UP,TNA,CSMT,12_CAR,NON_AC,
97357,T 59,T59,1,MAIN,SLOW,MAIN,DN,CSMT,TNA,12_CAR,NON_AC,
97358,T 70,T70,1,MAIN,SLOW,MAIN,UP,TNA,CSMT,12_CAR,NON_AC,
97359,T 61,T61,1,MAIN,SLOW,MAIN,DN,CSMT,TNA,12_CAR,NON_AC,
97360,T 72,T72,1,MAIN,SLOW,MAIN,UP,TNA,CSMT,12_CAR,NON_AC,
97361,T 63,T63,1,MAIN,SLOW,MAIN,DN,CSMT,TNA,12_CAR,NON_AC,
97362,T 74,T74,1,MAIN,SLOW,MAIN,UP,TNA,CSMT,12_CAR,NON_AC,
97363,T 65,T65,1,MAIN,SLOW,MAIN,DN,CSMT,TNA,12_CAR,AC,
97364,T 76,T76,1,MAIN,SLOW,MAIN,UP,TNA,CSMT,12_CAR,NON_AC,
97365,T 67,T67,1,MAIN,SLOW,MAIN,DN,CSMT,TNA,12_CAR,NON_AC,
97366,T 78,T78,1,MAIN,SLOW,MAIN,UP,TNA,CSMT,12_CAR,NON_AC,
97367,T 69,T69,1,MAIN,SLOW,MAIN,DN,CSMT,TNA,12_CAR,NON_AC,
97368,T 80,T80,1,MAIN,SLOW,MAIN,UP,TNA,CSMT,12_CAR,NON_AC,
97369,T 71,T71,1,MAIN,SLOW,MAIN,DN,CSMT,TNA,12_CAR,NON_AC,
97370,T 82,T82,1,MAIN,SLOW,MAIN,UP,TNA,CSMT,12_CAR,AC,
97371,T 73,T73,1,MAIN,SLOW,MAIN,DN,CSMT,TNA,12_CAR,NON_AC,
97372,PT 2,PT2,1,MAIN,SLOW,MAIN,UP,TNA,PR,12_CAR,NON_AC,
97373,T 75,T75,1,MAIN,SLOW,MAIN,DN,CSMT,TNA,12_CAR,NON_AC,
97374,T 86,T86,1,MAIN,SLOW,MAIN,UP,TNA,CSMT,12_CAR,NON_AC,
97375,PT 5,PT5,1,MAIN,SLOW,MAIN,DN,PR,TNA,12_CAR,NON_AC,
97376,PT 4,PT4,1,MAIN,SLOW,MAIN,UP,TNA,PR,12_CAR,NON_AC,
97377,T 77,T77,1,MAIN,SLOW,MAIN,DN,CSMT,TNA,12_CAR,NON_AC,
97378,T 88,T88,1,MAIN,SLOW,MAIN,UP,TNA,CSMT,12_CAR,NON_AC,
97379,T 79,T79,1,MAIN,SLOW,MAIN,DN,CSMT,TNA,12_CAR,NON_AC,
97380,T 90,T90,1,MAIN,SLOW,MAIN,UP,TNA,CSMT,12_CAR,NON_AC,
97381,T 81,T81,1,MAIN,SLOW,MAIN,DN,CSMT,TNA,12_CAR,NON_AC,
97382,T 92,T92,1,MAIN,SLOW,MAIN,UP,TNA,CSMT,12_CAR,NON_AC,
97383,T 83,T83,1,MAIN,SLOW,MAIN,DN,CSMT,TNA,12_CAR,NON_AC,
97384,T 94,T94,1,MAIN,SLOW,MAIN,UP,TNA,CSMT,12_CAR,NON_AC,
97385,T 85,T85,1,MAIN,SLOW,MAIN,DN,CSMT,TNA,12_CAR,NON_AC,
97386,T 96,T96,1,MAIN,SLOW,MAIN,UP,TNA,CSMT,12_CAR,NON_AC,
97387,T 87,T87,1,MAIN,SLOW,MAIN,DN,CSMT,TNA,12_CAR,NON_AC,
97388,T 98,T98,1,MAIN,SLOW,MAIN,UP,TNA,CSMT,12_CAR,NON_AC,
97389,T 89,T89,1,MAIN,SLOW,MAIN,DN,CSMT,TNA,12_CAR,AC,
97390,T 100,T100,1,MAIN,SLOW,MAIN,UP,TNA,CSMT,12_CAR,NON_AC,
97391,T 91,T91,1,MAIN,SLOW,MAIN,DN,CSMT,TNA,12_CAR,NON_AC,
97392,PT 6,PT6,1,MAIN,SLOW,MAIN,UP,TNA,PR,12_CAR,NON_AC,
97393,T 93,T93,1,MAIN,SLOW,MAIN,DN,CSMT,TNA,12_CAR,NON_AC,
97394,T 102,T102,1,MAIN,SLOW,MAIN,UP,TNA,CSMT,12_CAR,NON_AC,
97395,T 95,T95,1,MAIN,SLOW,MAIN,DN,CSMT,TNA,12_CAR,NON_AC,
97396,T 104,T104,1,MAIN,SLOW,MAIN,UP,TNA,CSMT,12_CAR,NON_AC,
97397,T 97,T97,1,MAIN,SLOW,MAIN,DN,CSMT,TNA,12_CAR,NON_AC,
97398,T 106,T106,1,MAIN,SLOW,MAIN,UP,TNA,CSMT,12_CAR,NON_AC,
97399,T 101,T101,1,MAIN,SLOW,MAIN,DN,CSMT,TNA,12_CAR,NON_AC,
97400,T 108,T108,1,MAIN,SLOW,MAIN,UP,TNA,CSMT,12_CAR,NON_AC,
97401,T 103,T103,1,MAIN,SLOW,MAIN,DN,CSMT,TNA,12_CAR,NON_AC,
97402,T 110,T110,1,MAIN,SLOW,MAIN,UP,TNA,CSMT,12_CAR,NON_AC,
97403,T 105,T105,1,MAIN,SLOW,MAIN,DN,CSMT,TNA,12_CAR,NON_AC,
97404,T 112,T112,1,MAIN,SLOW,MAIN,UP,TNA,CSMT,12_CAR,NON_AC,
97405,T 107,T107,1,MAIN,SLOW,MAIN,DN,CSMT,TNA,12_CAR,NON_AC,
97406,T 114,T114,1,MAIN,SLOW,MAIN,UP,TNA,CSMT,12_CAR,NON_AC,
97407,PT 7,PT7,1,MAIN,SLOW,MAIN,DN,PR,TNA,12_CAR,NON_AC,
97408,T 116,T116,1,MAIN,SLOW,MAIN,UP,TNA,CSMT,12_CAR,AC,
97409,T 111,T111,1,MAIN,SLOW,MAIN,DN,CSMT,TNA,12_CAR,NON_AC,
97410,PT 8,PT8,1,MAIN,SLOW,MAIN,UP,TNA,PR,12_CAR,NON_AC,
97411,PT 9,PT9,1,MAIN,SLOW,MAIN,DN,PR,TNA,12_CAR,NON_AC,
97412,PT 10,PT10,1,MAIN,SLOW,MAIN,UP,TNA,PR,12_CAR,NON_AC,
97413,T 113,T113,1,MAIN,SLOW,MAIN,DN,CSMT,TNA,12_CAR,NON_AC,
97414,T 118,T118,1,MAIN,SLOW,MAIN,UP,TNA,CSMT,12_CAR,NON_AC,
97415,T 115,T115,1,MAIN,SLOW,MAIN,DN,CSMT,TNA,12_CAR,NON_AC,
97416,T 120,T120,1,MAIN,SLOW,MAIN,UP,TNA,CSMT,12_CAR,AC,
97417,T 117,T117,1,MAIN,SLOW,MAIN,DN,CSMT,TNA,12_CAR,NON_AC,
97418,PT 12,PT12,1,MAIN,SLOW,MAIN,UP,TNA,PR,12_CAR,NON_AC,
97419,T 119,T119,1,MAIN,SLOW,MAIN,DN,CSMT,TNA,12_CAR,NON_AC,
97420,T 122,T122,1,MAIN,SLOW,MAIN,UP,TNA,CSMT,12_CAR,NON_AC,
97421,T 121,T121,1,MAIN,SLOW,MAIN,DN,CSMT,TNA,12_CAR,NON_AC,
97422,T 124,T124,1,MAIN,SLOW,MAIN,UP,TNA,CSMT,12_CAR,NON_AC,
97423,T 123,T123,1,MAIN,SLOW,MAIN,DN,CSMT,TNA,12_CAR,NON_AC,
97424,T 126,T126,1,MAIN,SLOW,MAIN,UP,TNA,CSMT,12_CAR,NON_AC,
97425,T 125,T125,1,MAIN,SLOW,MAIN,DN,CSMT,TNA,12_CAR,NON_AC,
97426,T 128,T128,1,MAIN,SLOW,MAIN,UP,TNA,CSMT,12_CAR,NON_AC,
97427,T 127,T127,1,MAIN,SLOW,MAIN,DN,CSMT,TNA,12_CAR,AC,
97428,T 130,T130,1,MAIN,SLOW,MAIN,UP,TNA,CSMT,12_CAR,NON_AC,
97429,T 129,T129,1,MAIN,SLOW,MAIN,DN,CSMT,TNA,12_CAR,NON_AC,
97430,T 132,T132,1,MAIN,SLOW,MAIN,UP,TNA,CSMT,12_CAR,NON_AC,
97431,T 131,T131,1,MAIN,SLOW,MAIN,DN,CSMT,TNA,12_CAR,NON_AC,
97432,PT 14,PT14,1,MAIN,SLOW,MAIN,UP,TNA,PR,12_CAR,NON_AC,
97433,T 133,T133,1,MAIN,SLOW,MAIN,DN,CSMT,TNA,12_CAR,AC,
97434,PT 16,PT16,1,MAIN,SLOW,MAIN,UP,TNA,PR,12_CAR,NON_AC,
97435,T 135,T135,1,MAIN,SLOW,MAIN,DN,CSMT,TNA,12_CAR,AC,
97436,CT 2,CT2,1,MAIN,SLOW,MAIN,UP,TNA,CSMT,12_CAR,NON_AC,
97437,T 137,T137,1,MAIN,SLOW,MAIN,DN,CSMT,TNA,12_CAR,NON_AC,
97439,T 139,T139,1,MAIN,SLOW,MAIN,DN,CSMT,TNA,12_CAR,NON_AC,
97441,T 141,T141,1,MAIN,SLOW,MAIN,DN,CSMT,TNA,12_CAR,NON_AC,
97501,G 1,G1,1,MAIN,SLOW,MAIN,DN,CSMT,GC,12_CAR,AC,
97502,G 2,G2,1,MAIN,SLOW,MAIN,UP,GC,CSMT,12_CAR,AC,
97503,G 3,G3,1,MAIN,SLOW,MAIN,DN,CSMT,GC,12_CAR,NON_AC,
97504,G 4,G4,1,MAIN,SLOW,MAIN,UP,GC,CSMT,12_CAR,NON_AC,
97505,G 5,G5,1,MAIN,SLOW,MAIN,DN,CSMT,GC,12_CAR,NON_AC,
97506,G 6,G6,1,MAIN,SLOW,MAIN,UP,GC,CSMT,12_CAR,NON_AC,
97601,C 1,C1,1,MAIN,SLOW,MAIN,DN,CSMT,CLA,12_CAR,NON_AC,
97602,C 2,C2,1,MAIN,SLOW,MAIN,UP,CLA,CSMT,12_CAR,NON_AC,
97603,C 3,C3,1,MAIN,SLOW,MAIN,DN,CSMT,CLA,12_CAR,NON_AC,
97604,C 4,C4,1,MAIN,SLOW,MAIN,UP,CLA,CSMT,12_CAR,AC,
97605,C 5,C5,1,MAIN,SLOW,MAIN,DN,CSMT,CLA,12_CAR,NON_AC,
97606,C 6,C6,1,MAIN,SLOW,MAIN,UP,CLA,CSMT,12_CAR,NON_AC,
97607,C 7,C7,1,MAIN,SLOW,MAIN,DN,CSMT,CLA,12_CAR,NON_AC,
97608,C 8,C8,1,MAIN,SLOW,MAIN,UP,CLA,CSMT,12_CAR,NON_AC,
97609,C 9,C9,1,MAIN,SLOW,MAIN,DN,CSMT,CLA,12_CAR,NON_AC,
97610,C 10,C10,1,MAIN,SLOW,MAIN,UP,CLA,CSMT,12_CAR,NON_AC,
97611,C 11,C11,1,MAIN,SLOW,MAIN,DN,CSMT,CLA,12_CAR,NON_AC,
97612,C 12,C12,1,MAIN,SLOW,MAIN,UP,CLA,CSMT,12_CAR,NON_AC,
97613,C 13,C13,1,MAIN,SLOW,MAIN,DN,CSMT,CLA,12_CAR,NON_AC,
97614,C 14,C14,1,MAIN,SLOW,MAIN,UP,CLA,CSMT,12_CAR,NON_AC,
97615,C 15,C15,1,MAIN,SLOW,MAIN,DN,CSMT,CLA,12_CAR,AC,
97616,C 16,C16,1,MAIN,SLOW,MAIN,UP,CLA,CSMT,12_CAR,NON_AC,
97617,C 17,C17,1,MAIN,SLOW,MAIN,DN,CSMT,CLA,12_CAR,NON_AC,
97618,C 18,C18,1,MAIN,SLOW,MAIN,UP,CLA,CSMT,12_CAR,AC,
97619,C 19,C19,1,MAIN,SLOW,MAIN,DN,CSMT,CLA,12_CAR,NON_AC,
97620,C 20,C20,1,MAIN,SLOW,MAIN,UP,CLA,CSMT,12_CAR,NON_AC,
97621,C 21,C21,1,MAIN,SLOW,MAIN,DN,CSMT,CLA,12_CAR,NON_AC,
97622,C 22,C22,1,MAIN,SLOW,MAIN,UP,CLA,CSMT,12_CAR,NON_AC,
97623,C 23,C23,1,MAIN,SLOW,MAIN,DN,CSMT,CLA,12_CAR,NON_AC,
97624,C 24,C24,1,MAIN,SLOW,MAIN,UP,CLA,CSMT,12_CAR,NON_AC,
97625,C 25,C25,1,MAIN,SLOW,MAIN,DN,CSMT,CLA,12_CAR,NON_AC,
97626,C 26,C26,1,MAIN,SLOW,MAIN,UP,CLA,CSMT,12_CAR,NON_AC,
97627,C 27,C27,1,MAIN,SLOW,MAIN,DN,CSMT,CLA,12_CAR,NON_AC,
97628,C 28,C28,1,MAIN,SLOW,MAIN,UP,CLA,CSMT,12_CAR,NON_AC,
97629,C 29,C29,1,MAIN,SLOW,MAIN,DN,CSMT,CLA,12_CAR,NON_AC,
97630,C 30,C30,1,MAIN,SLOW,MAIN,UP,CLA,CSMT,12_CAR,AC,
97631,C 31,C31,1,MAIN,SLOW,MAIN,DN,CSMT,CLA,12_CAR,NON_AC,
97633,C 33,C33,1,MAIN,SLOW,MAIN,DN,CSMT,CLA,12_CAR,NON_AC,
97635,C 35,C35,1,MAIN,SLOW,MAIN,DN,CSMT,CLA,12_CAR,NON_AC,
97637,C 37,C37,1,MAIN,SLOW,MAIN,DN,CSMT,CLA,12_CAR,NON_AC,
97639,C 39,C39,1,MAIN,SLOW,MAIN,DN,CSMT,CLA,12_CAR,NON_AC,
97641,C 41,C41,1,MAIN,SLOW,MAIN,DN,CSMT,CLA,12_CAR,NON_AC,
97643,C 43,C43,1,MAIN,SLOW,MAIN,DN,CSMT,CLA,12_CAR,NON_AC,
97645,C 45,C45,1,MAIN,SLOW,MAIN,DN,CSMT,CLA,12_CAR,NON_AC,
97647,C 47,C47,1,MAIN,SLOW,MAIN,DN,CSMT,CLA,12_CAR,NON_AC,
97649,C 49,C49,1,MAIN,SLOW,MAIN,DN,CSMT,CLA,12_CAR,NON_AC,
97651,C 51,C51,1,MAIN,SLOW,MAIN,DN,CSMT,CLA,12_CAR,NON_AC,
98001,PL 1,PL1,0,HARBOUR,SLOW,HARBOUR,DN,CSMTH,PNVL,12_CAR,NON_AC,Harbour Line to PNVL
98002,PL 2,PL2,0,HARBOUR,SLOW,HARBOUR,UP,PNVL,CSMTH,12_CAR,NON_AC,Harbour Line to PNVL
98003,PL 3,PL3,0,HARBOUR,SLOW,HARBOUR,DN,CSMTH,PNVL,12_CAR,NON_AC,Harbour Line to PNVL
98004,PL 4,PL4,0,HARBOUR,SLOW,HARBOUR,UP,PNVL,CSMTH,12_CAR,NON_AC,Harbour Line to PNVL
98005,PL 5,PL5,0,HARBOUR,SLOW,HARBOUR,DN,CSMTH,PNVL,12_CAR,NON_AC,Harbour Line to PNVL
98006,PL 6,PL6,0,HARBOUR,SLOW,HARBOUR,UP,PNVL,CSMTH,12_CAR,NON_AC,Harbour Line to PNVL
98007,PL 7,PL7,0,HARBOUR,SLOW,HARBOUR,DN,CSMTH,PNVL,12_CAR,NON_AC,Harbour Line to PNVL
98008,PL 8,PL8,0,HARBOUR,SLOW,HARBOUR,UP,PNVL,CSMTH,12_CAR,NON_AC,Harbour Line to PNVL
98009,PLVD 1,PLVD1,0,HARBOUR,SLOW,HARBOUR,DN,VDLR,PNVL,12_CAR,NON_AC,Harbour Line to PNVL
98010,PL 10,PL10,0,HARBOUR,SLOW,HARBOUR,UP,PNVL,CSMTH,12_CAR,NON_AC,Harbour Line to PNVL
98011,PL 9,PL9,0,HARBOUR,SLOW,HARBOUR,DN,CSMTH,PNVL,12_CAR,NON_AC,Harbour Line to PNVL
98012,PL 12,PL12,0,HARBOUR,SLOW,HARBOUR,UP,PNVL,CSMTH,12_CAR,NON_AC,Harbour Line to PNVL
98013,PL 11,PL11,0,HARBOUR,SLOW,HARBOUR,DN,CSMTH,PNVL,12_CAR,NON_AC,Harbour Line to PNVL
98014,PL 14,PL14,0,HARBOUR,SLOW,HARBOUR,UP,PNVL,CSMTH,12_CAR,NON_AC,Harbour Line to PNVL
98015,PL 13,PL13,0,HARBOUR,SLOW,HARBOUR,DN,CSMTH,PNVL,12_CAR,NON_AC,Harbour Line to PNVL
98016,PL 16,PL16,0,HARBOUR,SLOW,HARBOUR,UP,PNVL,CSMTH,12_CAR,NON_AC,Harbour Line to PNVL
98017,PL 15,PL15,0,HARBOUR,SLOW,HARBOUR,DN,CSMTH,PNVL,12_CAR,NON_AC,Harbour Line to PNVL
98018,PL 18,PL18,0,HARBOUR,SLOW,HARBOUR,UP,PNVL,CSMTH,12_CAR,NON_AC,Harbour Line to PNVL
98019,PL 17,PL17,0,HARBOUR,SLOW,HARBOUR,DN,CSMTH,PNVL,12_CAR,NON_AC,Harbour Line to PNVL
98020,PL 20,PL20,0,HARBOUR,SLOW,HARBOUR,UP,PNVL,CSMTH,12_CAR,NON_AC,Harbour Line to PNVL
98021,PLVD 3,PLVD3,0,HARBOUR,SLOW,HARBOUR,DN,VDLR,PNVL,12_CAR,NON_AC,Harbour Line to PNVL
98022,PL 22,PL22,0,HARBOUR,SLOW,HARBOUR,UP,PNVL,CSMTH,12_CAR,NON_AC,Harbour Line to PNVL
98023,PL 19,PL19,0,HARBOUR,SLOW,HARBOUR,DN,CSMTH,PNVL,12_CAR,NON_AC,Harbour Line to PNVL
98024,PLVD 2,PLVD2,0,HARBOUR,SLOW,HARBOUR,UP,PNVL,VDLR,12_CAR,NON_AC,Harbour Line to PNVL
98025,PL 21,PL21,0,HARBOUR,SLOW,HARBOUR,DN,CSMTH,PNVL,12_CAR,NON_AC,Harbour Line to PNVL
98026,PL 24,PL24,0,HARBOUR,SLOW,HARBOUR,UP,PNVL,CSMTH,12_CAR,NON_AC,Harbour Line to PNVL
98027,PL 23,PL23,0,HARBOUR,SLOW,HARBOUR,DN,CSMTH,PNVL,12_CAR,NON_AC,Harbour Line to PNVL
98028,PL 26,PL26,0,HARBOUR,SLOW,HARBOUR,UP,PNVL,CSMTH,12_CAR,NON_AC,Harbour Line to PNVL
98029,PL 25,PL25,0,HARBOUR,SLOW,HARBOUR,DN,CSMTH,PNVL,12_CAR,NON_AC,Harbour Line to PNVL
98030,PLVD 4,PLVD4,0,HARBOUR,SLOW,HARBOUR,UP,PNVL,VDLR,12_CAR,NON_AC,Harbour Line to PNVL
98031,PL 27,PL27,0,HARBOUR,SLOW,HARBOUR,DN,CSMTH,PNVL,12_CAR,NON_AC,Harbour Line to PNVL
98032,PL 28,PL28,0,HARBOUR,SLOW,HARBOUR,UP,PNVL,CSMTH,12_CAR,NON_AC,Harbour Line to PNVL
98033,PL 29,PL29,0,HARBOUR,SLOW,HARBOUR,DN,CSMTH,PNVL,12_CAR,NON_AC,Harbour Line to PNVL
98034,PLVD 6,PLVD6,0,HARBOUR,SLOW,HARBOUR,UP,PNVL,VDLR,12_CAR,NON_AC,Harbour Line to PNVL
98035,PLVD 5,PLVD5,0,HARBOUR,SLOW,HARBOUR,DN,VDLR,PNVL,12_CAR,NON_AC,Harbour Line to PNVL
98036,PL 30,PL30,0,HARBOUR,SLOW,HARBOUR,UP,PNVL,CSMTH,12_CAR,NON_AC,Harbour Line to PNVL
98037,PL 31,PL31,0,HARBOUR,SLOW,HARBOUR,DN,CSMTH,PNVL,12_CAR,NON_AC,Harbour Line to PNVL
98038,PL 32,PL32,0,HARBOUR,SLOW,HARBOUR,UP,PNVL,CSMTH,12_CAR,NON_AC,Harbour Line to PNVL
98039,PL 33,PL33,0,HARBOUR,SLOW,HARBOUR,DN,CSMTH,PNVL,12_CAR,NON_AC,Harbour Line to PNVL
98040,PLVD 8,PLVD8,0,HARBOUR,SLOW,HARBOUR,UP,PNVL,VDLR,12_CAR,NON_AC,Harbour Line to PNVL
98041,PL 35,PL35,0,HARBOUR,SLOW,HARBOUR,DN,CSMTH,PNVL,12_CAR,NON_AC,Harbour Line to PNVL
98042,PL 34,PL34,0,HARBOUR,SLOW,HARBOUR,UP,PNVL,CSMTH,12_CAR,NON_AC,Harbour Line to PNVL
98043,PL 37,PL37,0,HARBOUR,SLOW,HARBOUR,DN,CSMTH,PNVL,12_CAR,NON_AC,Harbour Line to PNVL
98044,PL 36,PL36,0,HARBOUR,SLOW,HARBOUR,UP,PNVL,CSMTH,12_CAR,NON_AC,Harbour Line to PNVL
98045,PL 39,PL39,0,HARBOUR,SLOW,HARBOUR,DN,CSMTH,PNVL,12_CAR,NON_AC,Harbour Line to PNVL
98046,PL 38,PL38,0,HARBOUR,SLOW,HARBOUR,UP,PNVL,CSMTH,12_CAR,NON_AC,Harbour Line to PNVL
98047,PLVD 7,PLVD7,0,HARBOUR,SLOW,HARBOUR,DN,VDLR,PNVL,12_CAR,NON_AC,Harbour Line to PNVL
98048,PL 40,PL40,0,HARBOUR,SLOW,HARBOUR,UP,PNVL,CSMTH,12_CAR,NON_AC,Harbour Line to PNVL
98049,PL 41,PL41,0,HARBOUR,SLOW,HARBOUR,DN,CSMTH,PNVL,12_CAR,NON_AC,Harbour Line to PNVL
98050,PLVD 10,PLVD10,0,HARBOUR,SLOW,HARBOUR,UP,PNVL,VDLR,12_CAR,NON_AC,Harbour Line to PNVL
98051,PL 43,PL43,0,HARBOUR,SLOW,HARBOUR,DN,CSMTH,PNVL,12_CAR,NON_AC,Harbour Line to PNVL
98052,PL 42,PL42,0,HARBOUR,SLOW,HARBOUR,UP,PNVL,CSMTH,12_CAR,NON_AC,Harbour Line to PNVL
98053,PL 45,PL45,0,HARBOUR,SLOW,HARBOUR,DN,CSMTH,PNVL,12_CAR,NON_AC,Harbour Line to PNVL
98054,PLVD 12,PLVD12,0,HARBOUR,SLOW,HARBOUR,UP,PNVL,VDLR,12_CAR,NON_AC,Harbour Line to PNVL
98055,PL 47,PL47,0,HARBOUR,SLOW,HARBOUR,DN,CSMTH,PNVL,12_CAR,NON_AC,Harbour Line to PNVL
98056,PL 44,PL44,0,HARBOUR,SLOW,HARBOUR,UP,PNVL,CSMTH,12_CAR,NON_AC,Harbour Line to PNVL
98057,PL 49,PL49,0,HARBOUR,SLOW,HARBOUR,DN,CSMTH,PNVL,12_CAR,NON_AC,Harbour Line to PNVL
98058,PL 46,PL46,0,HARBOUR,SLOW,HARBOUR,UP,PNVL,CSMTH,12_CAR,NON_AC,Harbour Line to PNVL
98059,PLVD 9,PLVD9,0,HARBOUR,SLOW,HARBOUR,DN,VDLR,PNVL,12_CAR,NON_AC,Harbour Line to PNVL
98060,PL 48,PL48,0,HARBOUR,SLOW,HARBOUR,UP,PNVL,CSMTH,12_CAR,NON_AC,Harbour Line to PNVL
98061,PL 51,PL51,0,HARBOUR,SLOW,HARBOUR,DN,CSMTH,PNVL,12_CAR,NON_AC,Harbour Line to PNVL
98062,PL 50,PL50,0,HARBOUR,SLOW,HARBOUR,UP,PNVL,CSMTH,12_CAR,NON_AC,Harbour Line to PNVL
98063,PL 53,PL53,0,HARBOUR,SLOW,HARBOUR,DN,CSMTH,PNVL,12_CAR,NON_AC,Harbour Line to PNVL
98064,PLVD 14,PLVD14,0,HARBOUR,SLOW,HARBOUR,UP,PNVL,VDLR,12_CAR,NON_AC,Harbour Line to PNVL
98065,PLVD 11,PLVD11,0,HARBOUR,SLOW,HARBOUR,DN,VDLR,PNVL,12_CAR,NON_AC,Harbour Line to PNVL
98066,PL 52,PL52,0,HARBOUR,SLOW,HARBOUR,UP,PNVL,CSMTH,12_CAR,NON_AC,Harbour Line to PNVL
98067,PL 55,PL55,0,HARBOUR,SLOW,HARBOUR,DN,CSMTH,PNVL,12_CAR,NON_AC,Harbour Line to PNVL
98068,PLVD 16,PLVD16,0,HARBOUR,SLOW,HARBOUR,UP,PNVL,VDLR,12_CAR,NON_AC,Harbour Line to PNVL
98069,PL 57,PL57,0,HARBOUR,SLOW,HARBOUR,DN,CSMTH,PNVL,12_CAR,NON_AC,Harbour Line to PNVL
98070,PL 54,PL54,0,HARBOUR,SLOW,HARBOUR,UP,PNVL,CSMTH,12_CAR,NON_AC,Harbour Line to PNVL
98071,PL 59,PL59,0,HARBOUR,SLOW,HARBOUR,DN,CSMTH,PNVL,12_CAR,NON_AC,Harbour Line to PNVL
98072,PL 56,PL56,0,HARBOUR,SLOW,HARBOUR,UP,PNVL,CSMTH,12_CAR,NON_AC,Harbour Line to PNVL
98073,PL 61,PL61,0,HARBOUR,SLOW,HARBOUR,DN,CSMTH,PNVL,12_CAR,NON_AC,Harbour Line to PNVL
98074,PL 58,PL58,0,HARBOUR,SLOW,HARBOUR,UP,PNVL,CSMTH,12_CAR,NON_AC,Harbour Line to PNVL
98075,PLVD 13,PLVD13,0,HARBOUR,SLOW,HARBOUR,DN,VDLR,PNVL,12_CAR,NON_AC,Harbour Line to PNVL
98076,PLVD 18,PLVD18,0,HARBOUR,SLOW,HARBOUR,UP,PNVL,VDLR,12_CAR,NON_AC,Harbour Line to PNVL
98077,PL 63,PL63,0,HARBOUR,SLOW,HARBOUR,DN,CSMTH,PNVL,12_CAR,NON_AC,Harbour Line to PNVL
98078,PL 60,PL60,0,HARBOUR,SLOW,HARBOUR,UP,PNVL,CSMTH,12_CAR,NON_AC,Harbour Line to PNVL
98079,PL 65,PL65,0,HARBOUR,SLOW,HARBOUR,DN,CSMTH,PNVL,12_CAR,NON_AC,Harbour Line to PNVL
98080,PL 62,PL62,0,HARBOUR,SLOW,HARBOUR,UP,PNVL,CSMTH,12_CAR,NON_AC,Harbour Line to PNVL
98081,PL 67,PL67,0,HARBOUR,SLOW,HARBOUR,DN,CSMTH,PNVL,12_CAR,NON_AC,Harbour Line to PNVL
98082,PL 64,PL64,0,HARBOUR,SLOW,HARBOUR,UP,PNVL,CSMTH,12_CAR,NON_AC,Harbour Line to PNVL
98083,PL 69,PL69,0,HARBOUR,SLOW,HARBOUR,DN,CSMTH,PNVL,12_CAR,NON_AC,Harbour Line to PNVL
98084,PLVD 20,PLVD20,0,HARBOUR,SLOW,HARBOUR,UP,PNVL,VDLR,12_CAR,NON_AC,Harbour Line to PNVL
98085,PL 71,PL71,0,HARBOUR,SLOW,HARBOUR,DN,CSMTH,PNVL,12_CAR,NON_AC,Harbour Line to PNVL
98086,PL 66,PL66,0,HARBOUR,SLOW,HARBOUR,UP,PNVL,CSMTH,12_CAR,NON_AC,Harbour Line to PNVL
98087,PLVD 15,PLVD15,0,HARBOUR,SLOW,HARBOUR,DN,VDLR,PNVL,12_CAR,NON_AC,Harbour Line to PNVL
98088,PLVD 22,PLVD22,0,HARBOUR,SLOW,HARBOUR,UP,PNVL,VDLR,12_CAR,NON_AC,Harbour Line to PNVL
98089,PL 73,PL73,0,HARBOUR,SLOW,HARBOUR,DN,CSMTH,PNVL,12_CAR,NON_AC,Harbour Line to PNVL
98090,PL 68,PL68,0,HARBOUR,SLOW,HARBOUR,UP,PNVL,CSMTH,12_CAR,NON_AC,Harbour Line to PNVL
98091,PL 75,PL75,0,HARBOUR,SLOW,HARBOUR,DN,CSMTH,PNVL,12_CAR,NON_AC,Harbour Line to PNVL
98092,PL 70,PL70,0,HARBOUR,SLOW,HARBOUR,UP,PNVL,CSMTH,12_CAR,NON_AC,Harbour Line to PNVL
98093,PL 77,PL77,0,HARBOUR,SLOW,HARBOUR,DN,CSMTH,PNVL,12_CAR,NON_AC,Harbour Line to PNVL
98094,PL 72,PL72,0,HARBOUR,SLOW,HARBOUR,UP,PNVL,CSMTH,12_CAR,NON_AC,Harbour Line to PNVL
98095,PL 79,PL79,0,HARBOUR,SLOW,HARBOUR,DN,CSMTH,PNVL,12_CAR,NON_AC,Harbour Line to PNVL
98096,PLVD 24,PLVD24,0,HARBOUR,SLOW,HARBOUR,UP,PNVL,VDLR,12_CAR,NON_AC,Harbour Line to PNVL
98097,PL 81,PL81,0,HARBOUR,SLOW,HARBOUR,DN,CSMTH,PNVL,12_CAR,NON_AC,Harbour Line to PNVL
98098,PL 74,PL74,0,HARBOUR,SLOW,HARBOUR,UP,PNVL,CSMTH,12_CAR,NON_AC,Harbour Line to PNVL
98099,PL 83,PL83,0,HARBOUR,SLOW,HARBOUR,DN,CSMTH,PNVL,12_CAR,NON_AC,Harbour Line to PNVL
98100,PL 76,PL76,0,HARBOUR,SLOW,HARBOUR,UP,PNVL,CSMTH,12_CAR,NON_AC,Harbour Line to PNVL
98101,PL 85,PL85,0,HARBOUR,SLOW,HARBOUR,DN,CSMTH,PNVL,12_CAR,NON_AC,Harbour Line to PNVL
98102,PL 78,PL78,0,HARBOUR,SLOW,HARBOUR,UP,PNVL,CSMTH,12_CAR,NON_AC,Harbour Line to PNVL
98103,PL 87,PL87,0,HARBOUR,SLOW,HARBOUR,DN,CSMTH,PNVL,12_CAR,NON_AC,Harbour Line to PNVL
98104,PLVD 26,PLVD26,0,HARBOUR,SLOW,HARBOUR,UP,PNVL,VDLR,12_CAR,NON_AC,Harbour Line to PNVL
98105,PL 89,PL89,0,HARBOUR,SLOW,HARBOUR,DN,CSMTH,PNVL,12_CAR,NON_AC,Harbour Line to PNVL
98106,PL 80,PL80,0,HARBOUR,SLOW,HARBOUR,UP,PNVL,CSMTH,12_CAR,NON_AC,Harbour Line to PNVL
98107,PLVD 17,PLVD17,0,HARBOUR,SLOW,HARBOUR,DN,VDLR,PNVL,12_CAR,NON_AC,Harbour Line to PNVL
98108,PL 82,PL82,0,HARBOUR,SLOW,HARBOUR,UP,PNVL,CSMTH,12_CAR,NON_AC,Harbour Line to PNVL
98109,PL 91,PL91,0,HARBOUR,SLOW,HARBOUR,DN,CSMTH,PNVL,12_CAR,NON_AC,Harbour Line to PNVL
98110,PL 84,PL84,0,HARBOUR,SLOW,HARBOUR,UP,PNVL,CSMTH,12_CAR,NON_AC,Harbour Line to PNVL
98111,PL 93,PL93,0,HARBOUR,SLOW,HARBOUR,DN,CSMTH,PNVL,12_CAR,NON_AC,Harbour Line to PNVL
98112,PL 86,PL86,0,HARBOUR,SLOW,HARBOUR,UP,PNVL,CSMTH,12_CAR,NON_AC,Harbour Line to PNVL
98113,PL 95,PL95,0,HARBOUR,SLOW,HARBOUR,DN,CSMTH,PNVL,12_CAR,NON_AC,Harbour Line to PNVL
98114,PL 88,PL88,0,HARBOUR,SLOW,HARBOUR,UP,PNVL,CSMTH,12_CAR,NON_AC,Harbour Line to PNVL
98115,PLVD 19,PLVD19,0,HARBOUR,SLOW,HARBOUR,DN,VDLR,PNVL,12_CAR,NON_AC,Harbour Line to PNVL
98116,PL 90,PL90,0,HARBOUR,SLOW,HARBOUR,UP,PNVL,CSMTH,12_CAR,NON_AC,Harbour Line to PNVL
98117,PL 97,PL97,0,HARBOUR,SLOW,HARBOUR,DN,CSMTH,PNVL,12_CAR,NON_AC,Harbour Line to PNVL
98118,PL 92,PL92,0,HARBOUR,SLOW,HARBOUR,UP,PNVL,CSMTH,12_CAR,NON_AC,Harbour Line to PNVL
98119,PLVD 21,PLVD21,0,HARBOUR,SLOW,HARBOUR,DN,VDLR,PNVL,12_CAR,NON_AC,Harbour Line to PNVL
98120,PL 94,PL94,0,HARBOUR,SLOW,HARBOUR,UP,PNVL,CSMTH,12_CAR,NON_AC,Harbour Line to PNVL
98121,PL 99,PL99,0,HARBOUR,SLOW,HARBOUR,DN,CSMTH,PNVL,12_CAR,NON_AC,Harbour Line to PNVL
98122,PL 96,PL96,0,HARBOUR,SLOW,HARBOUR,UP,PNVL,CSMTH,12_CAR,NON_AC,Harbour Line to PNVL
98123,PL 101,PL101,0,HARBOUR,SLOW,HARBOUR,DN,CSMTH,PNVL,12_CAR,NON_AC,Harbour Line to PNVL
98124,PLVD 28,PLVD28,0,HARBOUR,SLOW,HARBOUR,UP,PNVL,VDLR,12_CAR,NON_AC,Harbour Line to PNVL
98125,PL 103,PL103,0,HARBOUR,SLOW,HARBOUR,DN,CSMTH,PNVL,12_CAR,NON_AC,Harbour Line to PNVL
98126,PL 98,PL98,0,HARBOUR,SLOW,HARBOUR,UP,PNVL,CSMTH,12_CAR,NON_AC,Harbour Line to PNVL
98127,PL 105,PL105,0,HARBOUR,SLOW,HARBOUR,DN,CSMTH,PNVL,12_CAR,NON_AC,Harbour Line to PNVL
98128,PL 100,PL100,0,HARBOUR,SLOW,HARBOUR,UP,PNVL,CSMTH,12_CAR,NON_AC,Harbour Line to PNVL
98129,PLVD 23,PLVD23,0,HARBOUR,SLOW,HARBOUR,DN,VDLR,PNVL,12_CAR,NON_AC,Harbour Line to PNVL
98130,PLVD 30,PLVD30,0,HARBOUR,SLOW,HARBOUR,UP,PNVL,VDLR,12_CAR,NON_AC,Harbour Line to PNVL
98131,PL 107,PL107,0,HARBOUR,SLOW,HARBOUR,DN,CSMTH,PNVL,12_CAR,NON_AC,Harbour Line to PNVL
98132,PL 102,PL102,0,HARBOUR,SLOW,HARBOUR,UP,PNVL,CSMTH,12_CAR,NON_AC,Harbour Line to PNVL
98133,PL 109,PL109,0,HARBOUR,SLOW,HARBOUR,DN,CSMTH,PNVL,12_CAR,NON_AC,Harbour Line to PNVL
98134,PL 104,PL104,0,HARBOUR,SLOW,HARBOUR,UP,PNVL,CSMTH,12_CAR,NON_AC,Harbour Line to PNVL
98135,PL 111,PL111,0,HARBOUR,SLOW,HARBOUR,DN,CSMTH,PNVL,12_CAR,NON_AC,Harbour Line to PNVL
98136,PL 106,PL106,0,HARBOUR,SLOW,HARBOUR,UP,PNVL,CSMTH,12_CAR,NON_AC,Harbour Line to PNVL
98137,PL 113,PL113,0,HARBOUR,SLOW,HARBOUR,DN,CSMTH,PNVL,12_CAR,NON_AC,Harbour Line to PNVL
98138,PLVD 32,PLVD32,0,HARBOUR,SLOW,HARBOUR,UP,PNVL,VDLR,12_CAR,NON_AC,Harbour Line to PNVL
98139,PL 115,PL115,0,HARBOUR,SLOW,HARBOUR,DN,CSMTH,PNVL,12_CAR,NON_AC,Harbour Line to PNVL
98140,PL 108,PL108,0,HARBOUR,SLOW,HARBOUR,UP,PNVL,CSMTH,12_CAR,NON_AC,Harbour Line to PNVL
98141,PL 117,PL117,0,HARBOUR,SLOW,HARBOUR,DN,CSMTH,PNVL,12_CAR,NON_AC,Harbour Line to PNVL
98142,PL 110,PL110,0,HARBOUR,SLOW,HARBOUR,UP,PNVL,CSMTH,12_CAR,NON_AC,Harbour Line to PNVL
98143,PL 119,PL119,0,HARBOUR,SLOW,HARBOUR,DN,CSMTH,PNVL,12_CAR,NON_AC,Harbour Line to PNVL
98144,PL 112,PL112,0,HARBOUR,SLOW,HARBOUR,UP,PNVL,CSMTH,12_CAR,NON_AC,Harbour Line to PNVL
98145,PL 121,PL121,0,HARBOUR,SLOW,HARBOUR,DN,CSMTH,PNVL,12_CAR,NON_AC,Harbour Line to PNVL
98146,PL 114,PL114,0,HARBOUR,SLOW,HARBOUR,UP,PNVL,CSMTH,12_CAR,NON_AC,Harbour Line to PNVL
98147,PLVD 25,PLVD25,0,HARBOUR,SLOW,HARBOUR,DN,VDLR,PNVL,12_CAR,NON_AC,Harbour Line to PNVL
98148,PL 116,PL116,0,HARBOUR,SLOW,HARBOUR,UP,PNVL,CSMTH,12_CAR,NON_AC,Harbour Line to PNVL
98149,PL 123,PL123,0,HARBOUR,SLOW,HARBOUR,DN,CSMTH,PNVL,12_CAR,NON_AC,Harbour Line to PNVL
98150,PL 118,PL118,0,HARBOUR,SLOW,HARBOUR,UP,PNVL,CSMTH,12_CAR,NON_AC,Harbour Line to PNVL
98151,PL 125,PL125,0,HARBOUR,SLOW,HARBOUR,DN,CSMTH,PNVL,12_CAR,NON_AC,Harbour Line to PNVL
98152,PL 120,PL120,0,HARBOUR,SLOW,HARBOUR,UP,PNVL,CSMTH,12_CAR,NON_AC,Harbour Line to PNVL
98153,PL 127,PL127,0,HARBOUR,SLOW,HARBOUR,DN,CSMTH,PNVL,12_CAR,NON_AC,Harbour Line to PNVL
98154,PL 122,PL122,0,HARBOUR,SLOW,HARBOUR,UP,PNVL,CSMTH,12_CAR,NON_AC,Harbour Line to PNVL
98155,PL 129,PL129,0,HARBOUR,SLOW,HARBOUR,DN,CSMTH,PNVL,12_CAR,NON_AC,Harbour Line to PNVL
98156,PL 124,PL124,0,HARBOUR,SLOW,HARBOUR,UP,PNVL,CSMTH,12_CAR,NON_AC,Harbour Line to PNVL
98157,PL 131,PL131,0,HARBOUR,SLOW,HARBOUR,DN,CSMTH,PNVL,12_CAR,NON_AC,Harbour Line to PNVL
98158,PL 126,PL126,0,HARBOUR,SLOW,HARBOUR,UP,PNVL,CSMTH,12_CAR,NON_AC,Harbour Line to PNVL
98159,PL 133,PL133,0,HARBOUR,SLOW,HARBOUR,DN,CSMTH,PNVL,12_CAR,NON_AC,Harbour Line to PNVL; corrected train number from PL 13 to PL 133
98160,PL 128,PL128,0,HARBOUR,SLOW,HARBOUR,UP,PNVL,CSMTH,12_CAR,NON_AC,Harbour Line to PNVL
98161,PLVD 27,PLVD27,0,HARBOUR,SLOW,HARBOUR,DN,VDLR,PNVL,12_CAR,NON_AC,Harbour Line to PNVL
98162,PLVD 34,PLVD34,0,HARBOUR,SLOW,HARBOUR,UP,PNVL,VDLR,12_CAR,NON_AC,Harbour Line to PNVL
98163,PL 135,PL135,0,HARBOUR,SLOW,HARBOUR,DN,CSMTH,PNVL,12_CAR,NON_AC,Harbour Line to PNVL
98164,PL 130,PL130,0,HARBOUR,SLOW,HARBOUR,UP,PNVL,CSMTH,12_CAR,NON_AC,Harbour Line to PNVL
98165,PL 137,PL137,0,HARBOUR,SLOW,HARBOUR,DN,CSMTH,PNVL,12_CAR,NON_AC,Harbour Line to PNVL
98166,PL 132,PL132,0,HARBOUR,SLOW,HARBOUR,UP,PNVL,CSMTH,12_CAR,NON_AC,Harbour Line to PNVL
98167,PLVD 29,PLVD29,0,HARBOUR,SLOW,HARBOUR,DN,VDLR,PNVL,12_CAR,NON_AC,Harbour Line to PNVL
98168,PLVD 36,PLVD36,0,HARBOUR,SLOW,HARBOUR,UP,PNVL,VDLR,12_CAR,NON_AC,Harbour Line to PNVL
98169,PL 139,PL139,0,HARBOUR,SLOW,HARBOUR,DN,CSMTH,PNVL,12_CAR,NON_AC,Harbour Line to PNVL
98170,PL 134,PL134,0,HARBOUR,SLOW,HARBOUR,UP,PNVL,CSMTH,12_CAR,NON_AC,Harbour Line to PNVL
98171,PL 141,PL141,0,HARBOUR,SLOW,HARBOUR,DN,CSMTH,PNVL,12_CAR,NON_AC,Harbour Line to PNVL
98172,PL 136,PL136,0,HARBOUR,SLOW,HARBOUR,UP,PNVL,CSMTH,12_CAR,NON_AC,Harbour Line to PNVL
98173,PLVD 31,PLVD31,0,HARBOUR,SLOW,HARBOUR,DN,VDLR,PNVL,12_CAR,NON_AC,Harbour Line to PNVL
98174,PLVD 38,PLVD38,0,HARBOUR,SLOW,HARBOUR,UP,PNVL,VDLR,12_CAR,NON_AC,Harbour Line to PNVL
98175,PL 143,PL143,0,HARBOUR,SLOW,HARBOUR,DN,CSMTH,PNVL,12_CAR,NON_AC,Harbour Line to PNVL
98176,PL 138,PL138,0,HARBOUR,SLOW,HARBOUR,UP,PNVL,CSMTH,12_CAR,NON_AC,Harbour Line to PNVL
98177,PLVD 33,PLVD33,0,HARBOUR,SLOW,HARBOUR,DN,VDLR,PNVL,12_CAR,NON_AC,Harbour Line to PNVL
98178,PL 140,PL140,0,HARBOUR,SLOW,HARBOUR,UP,PNVL,CSMTH,12_CAR,NON_AC,Harbour Line to PNVL
98179,PL 145,PL145,0,HARBOUR,SLOW,HARBOUR,DN,CSMTH,PNVL,12_CAR,NON_AC,Harbour Line to PNVL
98180,PL 142,PL142,0,HARBOUR,SLOW,HARBOUR,UP,PNVL,CSMTH,12_CAR,NON_AC,Harbour Line to PNVL
98181,PLVD 35,PLVD35,0,HARBOUR,SLOW,HARBOUR,DN,VDLR,PNVL,12_CAR,NON_AC,Harbour Line to PNVL
98182,PLVD 40,PLVD40,0,HARBOUR,SLOW,HARBOUR,UP,PNVL,VDLR,12_CAR,NON_AC,Harbour Line to PNVL
98183,PL 147,PL147,0,HARBOUR,SLOW,HARBOUR,DN,CSMTH,PNVL,12_CAR,NON_AC,Harbour Line to PNVL
98184,PL 144,PL144,0,HARBOUR,SLOW,HARBOUR,UP,PNVL,CSMTH,12_CAR,NON_AC,Harbour Line to PNVL
98185,PL 149,PL149,0,HARBOUR,SLOW,HARBOUR,DN,CSMTH,PNVL,12_CAR,NON_AC,Harbour Line to PNVL
98186,PL 146,PL146,0,HARBOUR,SLOW,HARBOUR,UP,PNVL,CSMTH,12_CAR,NON_AC,Harbour Line to PNVL
98187,PLVD 37,PLVD37,0,HARBOUR,SLOW,HARBOUR,DN,VDLR,PNVL,12_CAR,NON_AC,Harbour Line to PNVL
98188,PLVD 42,PLVD42,0,HARBOUR,SLOW,HARBOUR,UP,PNVL,VDLR,12_CAR,NON_AC,Harbour Line to PNVL
98189,PL 151,PL151,0,HARBOUR,SLOW,HARBOUR,DN,CSMTH,PNVL,12_CAR,NON_AC,Harbour Line to PNVL
98190,PL 148,PL148,0,HARBOUR,SLOW,HARBOUR,UP,PNVL,CSMTH,12_CAR,NON_AC,Harbour Line to PNVL
98191,PL 153,PL153,0,HARBOUR,SLOW,HARBOUR,DN,CSMTH,PNVL,12_CAR,NON_AC,Harbour Line to PNVL
98192,PL 150,PL150,0,HARBOUR,SLOW,HARBOUR,UP,PNVL,CSMTH,12_CAR,NON_AC,Harbour Line to PNVL
98193,PL 155,PL155,0,HARBOUR,SLOW,HARBOUR,DN,CSMTH,PNVL,12_CAR,NON_AC,Harbour Line to PNVL
98194,PL 152,PL152,0,HARBOUR,SLOW,HARBOUR,UP,PNVL,CSMTH,12_CAR,NON_AC,Harbour Line to PNVL
98195,PL 157,PL157,0,HARBOUR,SLOW,HARBOUR,DN,CSMTH,PNVL,12_CAR,NON_AC,Harbour Line to PNVL
98196,PL 154,PL154,0,HARBOUR,SLOW,HARBOUR,UP,PNVL,CSMTH,12_CAR,NON_AC,Harbour Line to PNVL
98197,PLVD 39,PLVD39,0,HARBOUR,SLOW,HARBOUR,DN,VDLR,PNVL,12_CAR,NON_AC,Harbour Line to PNVL
98198,PL 156,PL156,0,HARBOUR,SLOW,HARBOUR,UP,PNVL,CSMTH,12_CAR,NON_AC,Harbour Line to PNVL
98199,PL 159,PL159,0,HARBOUR,SLOW,HARBOUR,DN,CSMTH,PNVL,12_CAR,NON_AC,Harbour Line to PNVL
98200,PL 158,PL158,0,HARBOUR,SLOW,HARBOUR,UP,PNVL,CSMTH,12_CAR,NON_AC,Harbour Line to PNVL
98201,PL 161,PL161,0,HARBOUR,SLOW,HARBOUR,DN,CSMTH,PNVL,12_CAR,NON_AC,Harbour Line to PNVL
98202,PL 160,PL160,0,HARBOUR,SLOW,HARBOUR,UP,PNVL,CSMTH,12_CAR,NON_AC,Harbour Line to PNVL
98203,PL 163,PL163,0,HARBOUR,SLOW,HARBOUR,DN,CSMTH,PNVL,12_CAR,NON_AC,Harbour Line to PNVL
98204,PL 162,PL162,0,HARBOUR,SLOW,HARBOUR,UP,PNVL,CSMTH,12_CAR,NON_AC,Harbour Line to PNVL
98205,PL 165,PL165,0,HARBOUR,SLOW,HARBOUR,DN,CSMTH,PNVL,12_CAR,NON_AC,Harbour Line to PNVL
98206,PL 164,PL164,0,HARBOUR,SLOW,HARBOUR,UP,PNVL,CSMTH,12_CAR,NON_AC,Harbour Line to PNVL
98207,PL 167,PL167,0,HARBOUR,SLOW,HARBOUR,DN,CSMTH,PNVL,12_CAR,NON_AC,Harbour Line to PNVL
98208,PLVD 44,PLVD44,0,HARBOUR,SLOW,HARBOUR,UP,PNVL,VDLR,12_CAR,NON_AC,Harbour Line to PNVL
98209,PLVD 41,PLVD41,0,HARBOUR,SLOW,HARBOUR,DN,VDLR,PNVL,12_CAR,NON_AC,Harbour Line to PNVL
98210,PL 166,PL166,0,HARBOUR,SLOW,HARBOUR,UP,PNVL,CSMTH,12_CAR,NON_AC,Harbour Line to PNVL
98211,PL 169,PL169,0,HARBOUR,SLOW,HARBOUR,DN,CSMTH,PNVL,12_CAR,NON_AC,Harbour Line to PNVL
98212,PL 168,PL168,0,HARBOUR,SLOW,HARBOUR,UP,PNVL,CSMTH,12_CAR,NON_AC,Harbour Line to PNVL
98213,PL 171,PL171,0,HARBOUR,SLOW,HARBOUR,DN,CSMTH,PNVL,12_CAR,NON_AC,Harbour Line to PNVL
98214,PL 170,PL170,0,HARBOUR,SLOW,HARBOUR,UP,PNVL,CSMTH,12_CAR,NON_AC,Harbour Line to PNVL
98215,PLVD 43,PLVD43,0,HARBOUR,SLOW,HARBOUR,DN,VDLR,PNVL,12_CAR,NON_AC,Harbour Line to PNVL
98216,PL 172,PL172,0,HARBOUR,SLOW,HARBOUR,UP,PNVL,CSMTH,12_CAR,NON_AC,Harbour Line to PNVL
98217,PL 173,PL173,0,HARBOUR,SLOW,HARBOUR,DN,CSMTH,PNVL,12_CAR,NON_AC,Harbour Line to PNVL
98218,PL 174,PL174,0,HARBOUR,SLOW,HARBOUR,UP,PNVL,CSMTH,12_CAR,NON_AC,Harbour Line to PNVL
98219,PLVD 45,PLVD45,0,HARBOUR,SLOW,HARBOUR,DN,VDLR,PNVL,12_CAR,NON_AC,Harbour Line to PNVL
98220,PL 176,PL176,0,HARBOUR,SLOW,HARBOUR,UP,PNVL,CSMTH,12_CAR,NON_AC,Harbour Line to PNVL
98221,PL 175,PL175,0,HARBOUR,SLOW,HARBOUR,DN,CSMTH,PNVL,12_CAR,NON_AC,Harbour Line to PNVL
98222,PL 178,PL178,0,HARBOUR,SLOW,HARBOUR,UP,PNVL,CSMTH,12_CAR,NON_AC,Harbour Line to PNVL
98223,PL 177,PL177,0,HARBOUR,SLOW,HARBOUR,DN,CSMTH,PNVL,12_CAR,NON_AC,Harbour Line to PNVL
98224,PL 180,PL180,0,HARBOUR,SLOW,HARBOUR,UP,PNVL,CSMTH,12_CAR,NON_AC,Harbour Line to PNVL
98225,PL 179,PL179,0,HARBOUR,SLOW,HARBOUR,DN,CSMTH,PNVL,12_CAR,NON_AC,Harbour Line to PNVL
98226,PL 182,PL182,0,HARBOUR,SLOW,HARBOUR,UP,PNVL,CSMTH,12_CAR,NON_AC,Harbour Line to PNVL
98227,PLVD 47,PLVD47,0,HARBOUR,SLOW,HARBOUR,DN,VDLR,PNVL,12_CAR,NON_AC,Harbour Line to PNVL
98228,PL 184,PL184,0,HARBOUR,SLOW,HARBOUR,UP,PNVL,CSMTH,12_CAR,NON_AC,Harbour Line to PNVL
98229,PL 181,PL181,0,HARBOUR,SLOW,HARBOUR,DN,CSMTH,PNVL,12_CAR,NON_AC,Harbour Line to PNVL
98230,PL 186,PL186,0,HARBOUR,SLOW,HARBOUR,UP,PNVL,CSMTH,12_CAR,NON_AC,Harbour Line to PNVL
98231,PLVD 49,PLVD49,0,HARBOUR,SLOW,HARBOUR,DN,VDLR,PNVL,12_CAR,NON_AC,Harbour Line to PNVL
98232,PL 188,PL188,0,HARBOUR,SLOW,HARBOUR,UP,PNVL,CSMTH,12_CAR,NON_AC,Harbour Line to PNVL
98233,PL 183,PL183,0,HARBOUR,SLOW,HARBOUR,DN,CSMTH,PNVL,12_CAR,NON_AC,Harbour Line to PNVL
98234,PL 190,PL190,0,HARBOUR,SLOW,HARBOUR,UP,PNVL,CSMTH,12_CAR,NON_AC,Harbour Line to PNVL
98235,PL 185,PL185,0,HARBOUR,SLOW,HARBOUR,DN,CSMTH,PNVL,12_CAR,NON_AC,Harbour Line to PNVL
98236,PL 192,PL192,0,HARBOUR,SLOW,HARBOUR,UP,PNVL,CSMTH,12_CAR,NON_AC,Harbour Line to PNVL
98237,PLVD 51,PLVD51,0,HARBOUR,SLOW,HARBOUR,DN,VDLR,PNVL,12_CAR,NON_AC,Harbour Line to PNVL
98238,PL 194,PL194,0,HARBOUR,SLOW,HARBOUR,UP,PNVL,CSMTH,12_CAR,NON_AC,Harbour Line to PNVL
98239,PL 187,PL187,0,HARBOUR,SLOW,HARBOUR,DN,CSMTH,PNVL,12_CAR,NON_AC,Harbour Line to PNVL
98240,VPL 2,VPL2,0,HARBOUR,SLOW,HARBOUR,UP,PNVL,VSH,12_CAR,NON_AC,Harbour Line to VSH
98241,PL 189,PL189,0,HARBOUR,SLOW,HARBOUR,DN,CSMTH,PNVL,12_CAR,NON_AC,Harbour Line to PNVL
98242,PL 196,PL196,0,HARBOUR,SLOW,HARBOUR,UP,PNVL,CSMTH,12_CAR,NON_AC,Harbour Line to PNVL
98243,PL 191,PL191,0,HARBOUR,SLOW,HARBOUR,DN,CSMTH,PNVL,12_CAR,NON_AC,Harbour Line to PNVL
98244,PL 198,PL198,0,HARBOUR,SLOW,HARBOUR,UP,PNVL,CSMTH,12_CAR,NON_AC,Harbour Line to PNVL
98245,PL 193,PL193,0,HARBOUR,SLOW,HARBOUR,DN,CSMTH,PNVL,12_CAR,NON_AC,Harbour Line to PNVL
98246,BRPL 2,BRPL2,0,HARBOUR,SLOW,HARBOUR,UP,PNVL,BEPR,12_CAR,NON_AC,Harbour Line to PNVL
98247,PL 195,PL195,0,HARBOUR,SLOW,HARBOUR,DN,CSMTH,PNVL,12_CAR,NON_AC,Harbour Line to PNVL
98248,VPL 4,VPL4,0,HARBOUR,SLOW,HARBOUR,UP,PNVL,VSH,12_CAR,NON_AC,Harbour Line to VSH
98249,PL 197,PL197,0,HARBOUR,SLOW,HARBOUR,DN,CSMTH,PNVL,12_CAR,NON_AC,Harbour Line to PNVL
98250,PLVD 46,PLVD46,0,HARBOUR,SLOW,HARBOUR,UP,PNVL,VDLR,12_CAR,NON_AC,Harbour Line to PNVL
98251,PL 199,PL199,0,HARBOUR,SLOW,HARBOUR,DN,CSMTH,PNVL,12_CAR,NON_AC,Harbour Line to PNVL
98252,BRPL 4,BRPL4,0,HARBOUR,SLOW,HARBOUR,UP,PNVL,BEPR,12_CAR,NON_AC,Harbour Line to PNVL
98253,PL 201,PL201,0,HARBOUR,SLOW,HARBOUR,DN,CSMTH,PNVL,12_CAR,NON_AC,Harbour Line to PNVL
98255,PL 203,PL203,0,HARBOUR,SLOW,HARBOUR,DN,CSMTH,PNVL,12_CAR,NON_AC,Harbour Line to PNVL
98257,PL 205,PL205,0,HARBOUR,SLOW,HARBOUR,DN,CSMTH,PNVL,12_CAR,NON_AC,Harbour Line to PNVL
98259,PL 207,PL207,0,HARBOUR,SLOW,HARBOUR,DN,CSMTH,PNVL,12_CAR,NON_AC,Harbour Line to PNVL
98301,BR 1,BR1,0,HARBOUR,SLOW,HARBOUR,DN,CSMTH,BEPR,12_CAR,NON_AC,Harbour Line to BEPR
98302,BR 2,BR2,0,HARBOUR,SLOW,HARBOUR,UP,BEPR,CSMTH,12_CAR,NON_AC,Harbour Line to BEPR
98303,BRVD 1,BRVD1,0,HARBOUR,SLOW,HARBOUR,DN,VDLR,BEPR,12_CAR,NON_AC,Harbour Line to BEPR
98304,BR 4,BR4,0,HARBOUR,SLOW,HARBOUR,UP,BEPR,CSMTH,12_CAR,NON_AC,Harbour Line to BEPR
98305,BR 3,BR3,0,HARBOUR,SLOW,HARBOUR,DN,CSMTH,BEPR,12_CAR,NON_AC,Harbour Line to BEPR
98306,BR 6,BR6,0,HARBOUR,SLOW,HARBOUR,UP,BEPR,CSMTH,12_CAR,NON_AC,Harbour Line to BEPR
98307,BR 5,BR5,0,HARBOUR,SLOW,HARBOUR,DN,CSMTH,BEPR,12_CAR,NON_AC,Harbour Line to BEPR
98308,BR 8,BR8,0,HARBOUR,SLOW,HARBOUR,UP,BEPR,CSMTH,12_CAR,NON_AC,Harbour Line to BEPR
98309,BR 7,BR7,0,HARBOUR,SLOW,HARBOUR,DN,CSMTH,BEPR,12_CAR,NON_AC,Harbour Line to BEPR
98310,BR 10,BR10,0,HARBOUR,SLOW,HARBOUR,UP,BEPR,CSMTH,12_CAR,NON_AC,Harbour Line to BEPR
98311,BR 9,BR9,0,HARBOUR,SLOW,HARBOUR,DN,CSMTH,BEPR,12_CAR,NON_AC,Harbour Line to BEPR
98312,BRVD 2,BRVD2,0,HARBOUR,SLOW,HARBOUR,UP,BEPR,VDLR,12_CAR,NON_AC,Harbour Line to BEPR
98313,BRVD 3,BRVD3,0,HARBOUR,SLOW,HARBOUR,DN,VDLR,BEPR,12_CAR,NON_AC,Harbour Line to BEPR
98314,BR 12,BR12,0,HARBOUR,SLOW,HARBOUR,UP,BEPR,CSMTH,12_CAR,NON_AC,Harbour Line to BEPR
98315,BR 11,BR11,0,HARBOUR,SLOW,HARBOUR,DN,CSMTH,BEPR,12_CAR,NON_AC,Harbour Line to BEPR
98316,BR 14,BR14,0,HARBOUR,SLOW,HARBOUR,UP,BEPR,CSMTH,12_CAR,NON_AC,Harbour Line to BEPR
98317,BR 13,BR13,0,HARBOUR,SLOW,HARBOUR,DN,CSMTH,BEPR,12_CAR,NON_AC,Harbour Line to BEPR
98318,BR 16,BR16,0,HARBOUR,SLOW,HARBOUR,UP,BEPR,CSMTH,12_CAR,NON_AC,Harbour Line to BEPR
98319,BRVD 5,BRVD5,0,HARBOUR,SLOW,HARBOUR,DN,VDLR,BEPR,12_CAR,NON_AC,Harbour Line to BEPR
98320,BR 18,BR18,0,HARBOUR,SLOW,HARBOUR,UP,BEPR,CSMTH,12_CAR,NON_AC,Harbour Line to BEPR
98321,BR 15,BR15,0,HARBOUR,SLOW,HARBOUR,DN,CSMTH,BEPR,12_CAR,NON_AC,Harbour Line to BEPR
98322,BR 20,BR20,0,HARBOUR,SLOW,HARBOUR,UP,BEPR,CSMTH,12_CAR,NON_AC,Harbour Line to BEPR
98323,BR 17,BR17,0,HARBOUR,SLOW,HARBOUR,DN,CSMTH,BEPR,12_CAR,NON_AC,Harbour Line to BEPR
98324,BR 22,BR22,0,HARBOUR,SLOW,HARBOUR,UP,BEPR,CSMTH,12_CAR,NON_AC,Harbour Line to BEPR
98325,BR 19,BR19,0,HARBOUR,SLOW,HARBOUR,DN,CSMTH,BEPR,12_CAR,NON_AC,Harbour Line to BEPR
98326,BR 24,BR24,0,HARBOUR,SLOW,HARBOUR,UP,BEPR,CSMTH,12_CAR,NON_AC,Harbour Line to BEPR
98327,BRVD 7,BRVD7,0,HARBOUR,SLOW,HARBOUR,DN,VDLR,BEPR,12_CAR,NON_AC,Harbour Line to BEPR
98328,BR 26,BR26,0,HARBOUR,SLOW,HARBOUR,UP,BEPR,CSMTH,12_CAR,NON_AC,Harbour Line to BEPR
98329,BR 21,BR21,0,HARBOUR,SLOW,HARBOUR,DN,CSMTH,BEPR,12_CAR,NON_AC,Harbour Line to BEPR
98330,BR 28,BR28,0,HARBOUR,SLOW,HARBOUR,UP,BEPR,CSMTH,12_CAR,NON_AC,Harbour Line to BEPR
98331,BRVD 9,BRVD9,0,HARBOUR,SLOW,HARBOUR,DN,VDLR,BEPR,12_CAR,NON_AC,Harbour Line to BEPR
98332,BR 30,BR30,0,HARBOUR,SLOW,HARBOUR,UP,BEPR,CSMTH,12_CAR,NON_AC,Harbour Line to BEPR
98333,BR 23,BR23,0,HARBOUR,SLOW,HARBOUR,DN,CSMTH,BEPR,12_CAR,NON_AC,Harbour Line to BEPR
98334,BR 32,BR32,0,HARBOUR,SLOW,HARBOUR,UP,BEPR,CSMTH,12_CAR,NON_AC,Harbour Line to BEPR
98335,BR 25,BR25,0,HARBOUR,SLOW,HARBOUR,DN,CSMTH,BEPR,12_CAR,NON_AC,Harbour Line to BEPR
98336,BR 34,BR34,0,HARBOUR,SLOW,HARBOUR,UP,BEPR,CSMTH,12_CAR,NON_AC,Harbour Line to BEPR
98337,BR 27,BR27,0,HARBOUR,SLOW,HARBOUR,DN,CSMTH,BEPR,12_CAR,NON_AC,Harbour Line to BEPR
98338,BR 36,BR36,0,HARBOUR,SLOW,HARBOUR,UP,BEPR,CSMTH,12_CAR,NON_AC,Harbour Line to BEPR
98339,BR 29,BR29,0,HARBOUR,SLOW,HARBOUR,DN,CSMTH,BEPR,12_CAR,NON_AC,Harbour Line to BEPR
98340,BR 38,BR38,0,HARBOUR,SLOW,HARBOUR,UP,BEPR,CSMTH,12_CAR,NON_AC,Harbour Line to BEPR
98341,BRVD 11,BRVD11,0,HARBOUR,SLOW,HARBOUR,DN,VDLR,BEPR,12_CAR,NON_AC,Harbour Line to BEPR
98342,BR 40,BR40,0,HARBOUR,SLOW,HARBOUR,UP,BEPR,CSMTH,12_CAR,NON_AC,Harbour Line to BEPR
98343,BR 31,BR31,0,HARBOUR,SLOW,HARBOUR,DN,CSMTH,BEPR,12_CAR,NON_AC,Harbour Line to BEPR
98344,BR 42,BR42,0,HARBOUR,SLOW,HARBOUR,UP,BEPR,CSMTH,12_CAR,NON_AC,Harbour Line to BEPR
98345,BR 33,BR33,0,HARBOUR,SLOW,HARBOUR,DN,CSMTH,BEPR,12_CAR,NON_AC,Harbour Line to BEPR
98346,BR 44,BR44,0,HARBOUR,SLOW,HARBOUR,UP,BEPR,CSMTH,12_CAR,NON_AC,Harbour Line to BEPR
98347,BR 35,BR35,0,HARBOUR,SLOW,HARBOUR,DN,CSMTH,BEPR,12_CAR,NON_AC,Harbour Line to BEPR
98348,BR 46,BR46,0,HARBOUR,SLOW,HARBOUR,UP,BEPR,CSMTH,12_CAR,NON_AC,Harbour Line to BEPR
98349,BR 37,BR37,0,HARBOUR,SLOW,HARBOUR,DN,CSMTH,BEPR,12_CAR,NON_AC,Harbour Line to BEPR
98350,BR 48,BR48,0,HARBOUR,SLOW,HARBOUR,UP,BEPR,CSMTH,12_CAR,NON_AC,Harbour Line to BEPR
98351,BR 39,BR39,0,HARBOUR,SLOW,HARBOUR,DN,CSMTH,BEPR,12_CAR,NON_AC,Harbour Line to BEPR
98352,BRVD 4,BRVD4,0,HARBOUR,SLOW,HARBOUR,UP,BEPR,VDLR,12_CAR,NON_AC,Harbour Line to BEPR
98353,BR 41,BR41,0,HARBOUR,SLOW,HARBOUR,DN,CSMTH,BEPR,12_CAR,NON_AC,Harbour Line to BEPR
98354,BR 50,BR50,0,HARBOUR,SLOW,HARBOUR,UP,BEPR,CSMTH,12_CAR,NON_AC,Harbour Line to BEPR
98355,BR 43,BR43,0,HARBOUR,SLOW,HARBOUR,DN,CSMTH,BEPR,12_CAR,NON_AC,Harbour Line to BEPR
98356,BR 52,BR52,0,HARBOUR,SLOW,HARBOUR,UP,BEPR,CSMTH,12_CAR,NON_AC,Harbour Line to BEPR
98357,BRVD 13,BRVD13,0,HARBOUR,SLOW,HARBOUR,DN,VDLR,BEPR,12_CAR,NON_AC,Harbour Line to BEPR
98358,BR 54,BR54,0,HARBOUR,SLOW,HARBOUR,UP,BEPR,CSMTH,12_CAR,NON_AC,Harbour Line to BEPR
98359,BR 45,BR45,0,HARBOUR,SLOW,HARBOUR,DN,CSMTH,BEPR,12_CAR,NON_AC,Harbour Line to BEPR
98360,BR 56,BR56,0,HARBOUR,SLOW,HARBOUR,UP,BEPR,CSMTH,12_CAR,NON_AC,Harbour Line to BEPR
98361,BR 47,BR47,0,HARBOUR,SLOW,HARBOUR,DN,CSMTH,BEPR,12_CAR,NON_AC,Harbour Line to BEPR
98362,BR 58,BR58,0,HARBOUR,SLOW,HARBOUR,UP,BEPR,CSMTH,12_CAR,NON_AC,Harbour Line to BEPR
98363,BR 49,BR49,0,HARBOUR,SLOW,HARBOUR,DN,CSMTH,BEPR,12_CAR,NON_AC,Harbour Line to BEPR
98364,BR 60,BR60,0,HARBOUR,SLOW,HARBOUR,UP,BEPR,CSMTH,12_CAR,NON_AC,Harbour Line to BEPR
98365,BR 51,BR51,0,HARBOUR,SLOW,HARBOUR,DN,CSMTH,BEPR,12_CAR,NON_AC,Harbour Line to BEPR
98366,BR 62,BR62,0,HARBOUR,SLOW,HARBOUR,UP,BEPR,CSMTH,12_CAR,NON_AC,Harbour Line to BEPR
98367,BR 53,BR53,0,HARBOUR,SLOW,HARBOUR,DN,CSMTH,BEPR,12_CAR,NON_AC,Harbour Line to BEPR
98368,BR 64,BR64,0,HARBOUR,SLOW,HARBOUR,UP,BEPR,CSMTH,12_CAR,NON_AC,Harbour Line to BEPR
98369,BR 55,BR55,0,HARBOUR,SLOW,HARBOUR,DN,CSMTH,BEPR,12_CAR,NON_AC,Harbour Line to BEPR
98370,BR 66,BR66,0,HARBOUR,SLOW,HARBOUR,UP,BEPR,CSMTH,12_CAR,NON_AC,Harbour Line to BEPR
98371,BR 57,BR57,0,HARBOUR,SLOW,HARBOUR,DN,CSMTH,BEPR,12_CAR,NON_AC,Harbour Line to BEPR
98372,BR 68,BR68,0,HARBOUR,SLOW,HARBOUR,UP,BEPR,CSMTH,12_CAR,NON_AC,Harbour Line to BEPR
98373,BR 59,BR59,0,HARBOUR,SLOW,HARBOUR,DN,CSMTH,BEPR,12_CAR,NON_AC,Harbour Line to BEPR
98374,BRVD 6,BRVD6,0,HARBOUR,SLOW,HARBOUR,UP,BEPR,VDLR,12_CAR,NON_AC,Harbour Line to BEPR
98376,BRVD 8,BRVD8,0,HARBOUR,SLOW,HARBOUR,UP,BEPR,VDLR,12_CAR,NON_AC,Harbour Line to BEPR
98378,BRVD 10,BRVD10,0,HARBOUR,SLOW,HARBOUR,UP,BEPR,VDLR,12_CAR,NON_AC,Harbour Line to BEPR
98380,BR 70,BR70,0,HARBOUR,SLOW,HARBOUR,UP,BEPR,CSMTH,12_CAR,NON_AC,Harbour Line to BEPR
98382,BR 72,BR72,0,HARBOUR,SLOW,HARBOUR,UP,BEPR,CSMTH,12_CAR,NON_AC,Harbour Line to BEPR
98384,BR 74,BR74,0,HARBOUR,SLOW,HARBOUR,UP,BEPR,CSMTH,12_CAR,NON_AC,Harbour Line to BEPR
98501,V 1,V1,0,HARBOUR,SLOW,HARBOUR,DN,CSMTH,VSH,12_CAR,NON_AC,Harbour Line to VSH
98502,V 2,V2,0,HARBOUR,SLOW,HARBOUR,UP,VSH,CSMTH,12_CAR,NON_AC,Harbour Line to VSH
98503,VVD 1,VVD1,0,HARBOUR,SLOW,HARBOUR,DN,VDLR,VSH,12_CAR,NON_AC,Harbour Line to VSH
98504,V 4,V4,0,HARBOUR,SLOW,HARBOUR,UP,VSH,CSMTH,12_CAR,NON_AC,Harbour Line to VSH
98505,V 3,V3,0,HARBOUR,SLOW,HARBOUR,DN,CSMTH,VSH,12_CAR,NON_AC,Harbour Line to VSH
98506,VVD 2,VVD2,0,HARBOUR,SLOW,HARBOUR,UP,VSH,VDLR,12_CAR,NON_AC,Harbour Line to VSH
98507,V 5,V5,0,HARBOUR,SLOW,HARBOUR,DN,CSMTH,VSH,12_CAR,NON_AC,Harbour Line to VSH
98508,V 6,V6,0,HARBOUR,SLOW,HARBOUR,UP,VSH,CSMTH,12_CAR,NON_AC,Harbour Line to VSH
98509,V 7,V7,0,HARBOUR,SLOW,HARBOUR,DN,CSMTH,VSH,12_CAR,NON_AC,Harbour Line to VSH
98510,V 8,V8,0,HARBOUR,SLOW,HARBOUR,UP,VSH,CSMTH,12_CAR,NON_AC,Harbour Line to VSH
98511,V 9,V9,0,HARBOUR,SLOW,HARBOUR,DN,CSMTH,VSH,12_CAR,NON_AC,Harbour Line to VSH
98512,VVD 4,VVD4,0,HARBOUR,SLOW,HARBOUR,UP,VSH,VDLR,12_CAR,NON_AC,Harbour Line to VSH
98513,V 11,V11,0,HARBOUR,SLOW,HARBOUR,DN,CSMTH,VSH,12_CAR,NON_AC,Harbour Line to VSH
98514,V 10,V10,0,HARBOUR,SLOW,HARBOUR,UP,VSH,CSMTH,12_CAR,NON_AC,Harbour Line to VSH
98515,V 13,V13,0,HARBOUR,SLOW,HARBOUR,DN,CSMTH,VSH,12_CAR,NON_AC,Harbour Line to VSH
98516,V 12,V12,0,HARBOUR,SLOW,HARBOUR,UP,VSH,CSMTH,12_CAR,NON_AC,Harbour Line to VSH
98517,V 15,V15,0,HARBOUR,SLOW,HARBOUR,DN,CSMTH,VSH,12_CAR,NON_AC,Harbour Line to VSH
98518,V 14,V14,0,HARBOUR,SLOW,HARBOUR,UP,VSH,CSMTH,12_CAR,NON_AC,Harbour Line to VSH
98519,V 17,V17,0,HARBOUR,SLOW,HARBOUR,DN,CSMTH,VSH,12_CAR,NON_AC,Harbour Line to VSH
98520,V 16,V16,0,HARBOUR,SLOW,HARBOUR,UP,VSH,CSMTH,12_CAR,NON_AC,Harbour Line to VSH
98521,V 19,V19,0,HARBOUR,SLOW,HARBOUR,DN,CSMTH,VSH,12_CAR,NON_AC,Harbour Line to VSH
98522,VVD 6,VVD6,0,HARBOUR,SLOW,HARBOUR,UP,VSH,VDLR,12_CAR,NON_AC,Harbour Line to VSH
98523,V 21,V21,0,HARBOUR,SLOW,HARBOUR,DN,CSMTH,VSH,12_CAR,NON_AC,Harbour Line to VSH
98524,V 18,V18,0,HARBOUR,SLOW,HARBOUR,UP,VSH,CSMTH,12_CAR,NON_AC,Harbour Line to VSH
98525,V 23,V23,0,HARBOUR,SLOW,HARBOUR,DN,CSMTH,VSH,12_CAR,NON_AC,Harbour Line to VSH
98526,V 20,V20,0,HARBOUR,SLOW,HARBOUR,UP,VSH,CSMTH,12_CAR,NON_AC,Harbour Line to VSH
98527,V 25,V25,0,HARBOUR,SLOW,HARBOUR,DN,CSMTH,VSH,12_CAR,NON_AC,Harbour Line to VSH
98528,V 22,V22,0,HARBOUR,SLOW,HARBOUR,UP,VSH,CSMTH,12_CAR,NON_AC,Harbour Line to VSH
98529,V 27,V27,0,HARBOUR,SLOW,HARBOUR,DN,CSMTH,VSH,12_CAR,NON_AC,Harbour Line to VSH
98530,V 24,V24,0,HARBOUR,SLOW,HARBOUR,UP,VSH,CSMTH,12_CAR,NON_AC,Harbour Line to VSH
98531,VVD 3,VVD3,0,HARBOUR,SLOW,HARBOUR,DN,VDLR,VSH,12_CAR,NON_AC,Harbour Line to VSH
98532,V 26,V26,0,HARBOUR,SLOW,HARBOUR,UP,VSH,CSMTH,12_CAR,NON_AC,Harbour Line to VSH
98533,V 29,V29,0,HARBOUR,SLOW,HARBOUR,DN,CSMTH,VSH,12_CAR,NON_AC,Harbour Line to VSH
98534,V 28,V28,0,HARBOUR,SLOW,HARBOUR,UP,VSH,CSMTH,12_CAR,NON_AC,Harbour Line to VSH
98535,V 31,V31,0,HARBOUR,SLOW,HARBOUR,DN,CSMTH,VSH,12_CAR,NON_AC,Harbour Line to VSH
98536,V 30,V30,0,HARBOUR,SLOW,HARBOUR,UP,VSH,CSMTH,12_CAR,NON_AC,Harbour Line to VSH
98537,V 33,V33,0,HARBOUR,SLOW,HARBOUR,DN,CSMTH,VSH,12_CAR,NON_AC,Harbour Line to VSH
98538,V 32,V32,0,HARBOUR,SLOW,HARBOUR,UP,VSH,CSMTH,12_CAR,NON_AC,Harbour Line to VSH
98539,V 35,V35,0,HARBOUR,SLOW,HARBOUR,DN,CSMTH,VSH,12_CAR,NON_AC,Harbour Line to VSH
98540,V 34,V34,0,HARBOUR,SLOW,HARBOUR,UP,VSH,CSMTH,12_CAR,NON_AC,Harbour Line to VSH
98541,V 37,V37,0,HARBOUR,SLOW,HARBOUR,DN,CSMTH,VSH,12_CAR,NON_AC,Harbour Line to VSH
98542,V 36,V36,0,HARBOUR,SLOW,HARBOUR,UP,VSH,CSMTH,12_CAR,NON_AC,Harbour Line to VSH
98543,V 39,V39,0,HARBOUR,SLOW,HARBOUR,DN,CSMTH,VSH,12_CAR,NON_AC,Harbour Line to VSH
98544,V 38,V38,0,HARBOUR,SLOW,HARBOUR,UP,VSH,CSMTH,12_CAR,NON_AC,Harbour Line to VSH
98545,V 41,V41,0,HARBOUR,SLOW,HARBOUR,DN,CSMTH,VSH,12_CAR,NON_AC,Harbour Line to VSH
98546,V 40,V40,0,HARBOUR,SLOW,HARBOUR,UP,VSH,CSMTH,12_CAR,NON_AC,Harbour Line to VSH
98547,V 43,V43,0,HARBOUR,SLOW,HARBOUR,DN,CSMTH,VSH,12_CAR,NON_AC,Harbour Line to VSH
98548,VVD 8,VVD8,0,HARBOUR,SLOW,HARBOUR,UP,VSH,VDLR,12_CAR,NON_AC,Harbour Line to VSH
98549,V 45,V45,0,HARBOUR,SLOW,HARBOUR,DN,CSMTH,VSH,12_CAR,NON_AC,Harbour Line to VSH
98550,V 42,V42,0,HARBOUR,SLOW,HARBOUR,UP,VSH,CSMTH,12_CAR,NON_AC,Harbour Line to VSH
98551,V 47,V47,0,HARBOUR,SLOW,HARBOUR,DN,CSMTH,VSH,12_CAR,NON_AC,Harbour Line to VSH
98552,VVD 10,VVD10,0,HARBOUR,SLOW,HARBOUR,UP,VSH,VDLR,12_CAR,NON_AC,Harbour Line to VSH
98553,V 49,V49,0,HARBOUR,SLOW,HARBOUR,DN,CSMTH,VSH,12_CAR,NON_AC,Harbour Line to VSH
98554,VVD 12,VVD12,0,HARBOUR,SLOW,HARBOUR,UP,VSH,VDLR,12_CAR,NON_AC,Harbour Line to VSH
98555,V 51,V51,0,HARBOUR,SLOW,HARBOUR,DN,CSMTH,VSH,12_CAR,NON_AC,Harbour Line to VSH
98556,V 44,V44,0,HARBOUR,SLOW,HARBOUR,UP,VSH,CSMTH,12_CAR,NON_AC,Harbour Line to VSH
98557,V 53,V53,0,HARBOUR,SLOW,HARBOUR,DN,CSMTH,VSH,12_CAR,NON_AC,Harbour Line to VSH
98558,VVD 14,VVD14,0,HARBOUR,SLOW,HARBOUR,UP,VSH,VDLR,12_CAR,NON_AC,Harbour Line to VSH
98559,V 55,V55,0,HARBOUR,SLOW,HARBOUR,DN,CSMTH,VSH,12_CAR,NON_AC,Harbour Line to VSH
98560,V 46,V46,0,HARBOUR,SLOW,HARBOUR,UP,VSH,CSMTH,12_CAR,NON_AC,Harbour Line to VSH
98561,V 57,V57,0,HARBOUR,SLOW,HARBOUR,DN,CSMTH,VSH,12_CAR,NON_AC,Harbour Line to VSH
98562,V 48,V48,0,HARBOUR,SLOW,HARBOUR,UP,VSH,CSMTH,12_CAR,NON_AC,Harbour Line to VSH
98563,V 59,V59,0,HARBOUR,SLOW,HARBOUR,DN,CSMTH,VSH,12_CAR,NON_AC,Harbour Line to VSH
98564,V 50,V50,0,HARBOUR,SLOW,HARBOUR,UP,VSH,CSMTH,12_CAR,NON_AC,Harbour Line to VSH
98565,V 61,V61,0,HARBOUR,SLOW,HARBOUR,DN,CSMTH,VSH,12_CAR,NON_AC,Harbour Line to VSH
98566,V 52,V52,0,HARBOUR,SLOW,HARBOUR,UP,VSH,CSMTH,12_CAR,NON_AC,Harbour Line to VSH
98567,V 63,V63,0,HARBOUR,SLOW,HARBOUR,DN,CSMTH,VSH,12_CAR,NON_AC,Harbour Line to VSH
98568,V 54,V54,0,HARBOUR,SLOW,HARBOUR,UP,VSH,CSMTH,12_CAR,NON_AC,Harbour Line to VSH
98569,V 65,V65,0,HARBOUR,SLOW,HARBOUR,DN,CSMTH,VSH,12_CAR,NON_AC,Harbour Line to VSH
98570,V 56,V56,0,HARBOUR,SLOW,HARBOUR,UP,VSH,CSMTH,12_CAR,NON_AC,Harbour Line to VSH
98571,V 67,V67,0,HARBOUR,SLOW,HARBOUR,DN,CSMTH,VSH,12_CAR,NON_AC,Harbour Line to VSH
98572,V 58,V58,0,HARBOUR,SLOW,HARBOUR,UP,VSH,CSMTH,12_CAR,NON_AC,Harbour Line to VSH
98573,V 69,V69,0,HARBOUR,SLOW,HARBOUR,DN,CSMTH,VSH,12_CAR,NON_AC,Harbour Line to VSH
98574,V 60,V60,0,HARBOUR,SLOW,HARBOUR,UP,VSH,CSMTH,12_CAR,NON_AC,Harbour Line to VSH
98575,V 71,V71,0,HARBOUR,SLOW,HARBOUR,DN,CSMTH,VSH,12_CAR,NON_AC,Harbour Line to VSH
98576,V 62,V62,0,HARBOUR,SLOW,HARBOUR,UP,VSH,CSMTH,12_CAR,NON_AC,Harbour Line to VSH
98578,V 64,V64,0,HARBOUR,SLOW,HARBOUR,UP,VSH,CSMTH,12_CAR,NON_AC,Harbour Line to VSH
98602,M 2,M2,0,HARBOUR,SLOW,HARBOUR,UP,MNKD,CSMTH,12_CAR,NON_AC,Harbour Line short distance; corrected train number from CM 2 to M 2
98604,M 4,M4,0,HARBOUR,SLOW,HARBOUR,UP,MNKD,CSMTH,12_CAR,NON_AC,Harbour Line short distance
98605,CM 1,CM1,0,HARBOUR,SLOW,HARBOUR,DN,CSMTH,MNKD,12_CAR,NON_AC,Harbour Line short distance
98606,CM 2,CM2,0,HARBOUR,SLOW,HARBOUR,UP,MNKD,CSMTH,12_CAR,NON_AC,Harbour Line short distance
98701,GN 1,GN1,0,CSMTH_GMN,SLOW,HARBOUR,DN,CSMTH,GMN,12_CAR,NON_AC,CSMTH to GMN
98702,GN 2,GN2,0,CSMTH_GMN,SLOW,HARBOUR,UP,GMN,CSMTH,12_CAR,NON_AC,GMN to CSMTH
98703,GN 3,GN3,0,CSMTH_GMN,SLOW,HARBOUR,DN,CSMTH,GMN,12_CAR,NON_AC,CSMTH to GMN
98704,GN 4,GN4,0,CSMTH_GMN,SLOW,HARBOUR,UP,GMN,CSMTH,12_CAR,NON_AC,GMN to CSMTH
98705,GN 5,GN5,0,CSMTH_GMN,SLOW,HARBOUR,DN,CSMTH,GMN,12_CAR,NON_AC,CSMTH to GMN
98706,GN 6,GN6,0,CSMTH_GMN,SLOW,HARBOUR,UP,GMN,CSMTH,12_CAR,NON_AC,GMN to CSMTH
98707,GN 7,GN7,0,CSMTH_GMN,SLOW,HARBOUR,DN,CSMTH,GMN,12_CAR,NON_AC,CSMTH to GMN
98708,GN 8,GN8,0,CSMTH_GMN,SLOW,HARBOUR,UP,GMN,CSMTH,12_CAR,NON_AC,GMN to CSMTH
98709,GN 9,GN9,0,CSMTH_GMN,SLOW,HARBOUR,DN,CSMTH,GMN,12_CAR,NON_AC,CSMTH to GMN
98710,GN 10,GN10,0,CSMTH_GMN,SLOW,HARBOUR,UP,GMN,CSMTH,12_CAR,NON_AC,GMN to CSMTH
98711,GN 11,GN11,0,CSMTH_GMN,SLOW,HARBOUR,DN,CSMTH,GMN,12_CAR,NON_AC,CSMTH to GMN
98712,GN 12,GN12,0,CSMTH_GMN,SLOW,HARBOUR,UP,GMN,CSMTH,12_CAR,NON_AC,GMN to CSMTH
98713,GN 13,GN13,0,CSMTH_GMN,SLOW,HARBOUR,DN,CSMTH,GMN,12_CAR,NON_AC,CSMTH to GMN
98714,GN 14,GN14,0,CSMTH_GMN,SLOW,HARBOUR,UP,GMN,CSMTH,12_CAR,NON_AC,GMN to CSMTH
98715,GN 15,GN15,0,CSMTH_GMN,SLOW,HARBOUR,DN,CSMTH,GMN,12_CAR,NON_AC,CSMTH to GMN
98716,GN 16,GN16,0,CSMTH_GMN,SLOW,HARBOUR,UP,GMN,CSMTH,12_CAR,NON_AC,GMN to CSMTH
98717,GN 17,GN17,0,CSMTH_GMN,SLOW,HARBOUR,DN,CSMTH,GMN,12_CAR,NON_AC,CSMTH to GMN
98718,GN 18,GN18,0,CSMTH_GMN,SLOW,HARBOUR,UP,GMN,CSMTH,12_CAR,NON_AC,GMN to CSMTH
98719,GN 19,GN19,0,CSMTH_GMN,SLOW,HARBOUR,DN,CSMTH,GMN,12_CAR,NON_AC,CSMTH to GMN
98720,GN 20,GN20,0,CSMTH_GMN,SLOW,HARBOUR,UP,GMN,CSMTH,12_CAR,NON_AC,GMN to CSMTH
98721,GN 21,GN21,0,CSMTH_GMN,SLOW,HARBOUR,DN,CSMTH,GMN,12_CAR,NON_AC,CSMTH to GMN
98722,GN 22,GN22,0,CSMTH_GMN,SLOW,HARBOUR,UP,GMN,CSMTH,12_CAR,NON_AC,GMN to CSMTH
98723,GN 23,GN23,0,CSMTH_GMN,SLOW,HARBOUR,DN,CSMTH,GMN,12_CAR,NON_AC,CSMTH to GMN
98724,GN 24,GN24,0,CSMTH_GMN,SLOW,HARBOUR,UP,GMN,CSMTH,12_CAR,NON_AC,GMN to CSMTH
98725,GN 25,GN25,0,CSMTH_GMN,SLOW,HARBOUR,DN,CSMTH,GMN,12_CAR,NON_AC,CSMTH to GMN
98726,GN 26,GN26,0,CSMTH_GMN,SLOW,HARBOUR,UP,GMN,CSMTH,12_CAR,NON_AC,GMN to CSMTH
98727,GN 27,GN27,0,CSMTH_GMN,SLOW,HARBOUR,DN,CSMTH,GMN,12_CAR,NON_AC,CSMTH to GMN
98728,GN 28,GN28,0,CSMTH_GMN,SLOW,HARBOUR,UP,GMN,CSMTH,12_CAR,NON_AC,GMN to CSMTH
98729,GN 29,GN29,0,CSMTH_GMN,SLOW,HARBOUR,DN,CSMTH,GMN,12_CAR,NON_AC,CSMTH to GMN
98730,GN 30,GN30,0,CSMTH_GMN,SLOW,HARBOUR,UP,GMN,CSMTH,12_CAR,NON_AC,GMN to CSMTH
98731,GN 31,GN31,0,CSMTH_GMN,SLOW,HARBOUR,DN,CSMTH,GMN,12_CAR,NON_AC,CSMTH to GMN
98732,GN 32,GN32,0,CSMTH_GMN,SLOW,HARBOUR,UP,GMN,CSMTH,12_CAR,NON_AC,GMN to CSMTH
98733,GN 33,GN33,0,CSMTH_GMN,SLOW,HARBOUR,DN,CSMTH,GMN,12_CAR,NON_AC,CSMTH to GMN
98734,GN 34,GN34,0,CSMTH_GMN,SLOW,HARBOUR,UP,GMN,CSMTH,12_CAR,NON_AC,GMN to CSMTH
98735,GN 35,GN35,0,CSMTH_GMN,SLOW,HARBOUR,DN,CSMTH,GMN,12_CAR,NON_AC,CSMTH to GMN
98736,GN 36,GN36,0,CSMTH_GMN,SLOW,HARBOUR,UP,GMN,CSMTH,12_CAR,NON_AC,GMN to CSMTH
98737,GN 37,GN37,0,CSMTH_GMN,SLOW,HARBOUR,DN,CSMTH,GMN,12_CAR,NON_AC,CSMTH to GMN
98738,GN 38,GN38,0,CSMTH_GMN,SLOW,HARBOUR,UP,GMN,CSMTH,12_CAR,NON_AC,GMN to CSMTH
98739,GN 39,GN39,0,CSMTH_GMN,SLOW,HARBOUR,DN,CSMTH,GMN,12_CAR,NON_AC,CSMTH to GMN
98740,GN 40,GN40,0,CSMTH_GMN,SLOW,HARBOUR,UP,GMN,CSMTH,12_CAR,NON_AC,GMN to CSMTH
98741,GN 41,GN41,0,CSMTH_GMN,SLOW,HARBOUR,DN,CSMTH,GMN,12_CAR,NON_AC,CSMTH to GMN
98742,GN 42,GN42,0,CSMTH_GMN,SLOW,HARBOUR,UP,GMN,CSMTH,12_CAR,NON_AC,GMN to CSMTH
98743,GN 43,GN43,0,CSMTH_GMN,SLOW,HARBOUR,DN,CSMTH,GMN,12_CAR,NON_AC,CSMTH to GMN
98744,GN 44,GN44,0,CSMTH_GMN,SLOW,HARBOUR,UP,GMN,CSMTH,12_CAR,NON_AC,GMN to CSMTH
98745,GN 45,GN45,0,CSMTH_GMN,SLOW,HARBOUR,DN,CSMTH,GMN,12_CAR,NON_AC,CSMTH to GMN
98746,GN 46,GN46,0,CSMTH_GMN,SLOW,HARBOUR,UP,GMN,CSMTH,12_CAR,NON_AC,GMN to CSMTH
98747,GN 47,GN47,0,CSMTH_GMN,SLOW,HARBOUR,DN,CSMTH,GMN,12_CAR,NON_AC,CSMTH to GMN
98748,GN 48,GN48,0,CSMTH_GMN,SLOW,HARBOUR,UP,GMN,CSMTH,12_CAR,NON_AC,GMN to CSMTH
98749,GN 49,GN49,0,CSMTH_GMN,SLOW,HARBOUR,DN,CSMTH,GMN,12_CAR,NON_AC,CSMTH to GMN
98750,GN 50,GN50,0,CSMTH_GMN,SLOW,HARBOUR,UP,GMN,CSMTH,12_CAR,NON_AC,GMN to CSMTH
98751,GN 51,GN51,0,CSMTH_GMN,SLOW,HARBOUR,DN,CSMTH,GMN,12_CAR,NON_AC,CSMTH to GMN
98752,GN 52,GN52,0,CSMTH_GMN,SLOW,HARBOUR,UP,GMN,CSMTH,12_CAR,NON_AC,GMN to CSMTH
98753,GN 53,GN53,0,CSMTH_GMN,SLOW,HARBOUR,DN,CSMTH,GMN,12_CAR,NON_AC,CSMTH to GMN
98754,GN 54,GN54,0,CSMTH_GMN,SLOW,HARBOUR,UP,GMN,CSMTH,12_CAR,NON_AC,GMN to CSMTH
98755,GN 55,GN55,0,CSMTH_GMN,SLOW,HARBOUR,DN,CSMTH,GMN,12_CAR,NON_AC,CSMTH to GMN
98756,GN 56,GN56,0,CSMTH_GMN,SLOW,HARBOUR,UP,GMN,CSMTH,12_CAR,NON_AC,GMN to CSMTH
98757,GN 57,GN57,0,CSMTH_GMN,SLOW,HARBOUR,DN,CSMTH,GMN,12_CAR,NON_AC,CSMTH to GMN
98758,GN 58,GN58,0,CSMTH_GMN,SLOW,HARBOUR,UP,GMN,CSMTH,12_CAR,NON_AC,GMN to CSMTH
98759,GN 59,GN59,0,CSMTH_GMN,SLOW,HARBOUR,DN,CSMTH,GMN,12_CAR,NON_AC,CSMTH to GMN
98760,GN 60,GN60,0,CSMTH_GMN,SLOW,HARBOUR,UP,GMN,CSMTH,12_CAR,NON_AC,GMN to CSMTH
98761,GN 61,GN61,0,CSMTH_GMN,SLOW,HARBOUR,DN,CSMTH,GMN,12_CAR,NON_AC,CSMTH to GMN
98762,GN 62,GN62,0,CSMTH_GMN,SLOW,HARBOUR,UP,GMN,CSMTH,12_CAR,NON_AC,GMN to CSMTH
98763,GN 63,GN63,0,CSMTH_GMN,SLOW,HARBOUR,DN,CSMTH,GMN,12_CAR,NON_AC,CSMTH to GMN
98764,GN 64,GN64,0,CSMTH_GMN,SLOW,HARBOUR,UP,GMN,CSMTH,12_CAR,NON_AC,GMN to CSMTH
98765,GN 65,GN65,0,CSMTH_GMN,SLOW,HARBOUR,DN,CSMTH,GMN,12_CAR,NON_AC,CSMTH to GMN
98766,GN 66,GN66,0,CSMTH_GMN,SLOW,HARBOUR,UP,GMN,CSMTH,12_CAR,NON_AC,GMN to CSMTH
98767,GN 67,GN67,0,CSMTH_GMN,SLOW,HARBOUR,DN,CSMTH,GMN,12_CAR,NON_AC,CSMTH to GMN
98768,GN 68,GN68,0,CSMTH_GMN,SLOW,HARBOUR,UP,GMN,CSMTH,12_CAR,NON_AC,GMN to CSMTH
98769,GN 69,GN69,0,CSMTH_GMN,SLOW,HARBOUR,DN,CSMTH,GMN,12_CAR,NON_AC,CSMTH to GMN
98770,GN 70,GN70,0,CSMTH_GMN,SLOW,HARBOUR,UP,GMN,CSMTH,12_CAR,NON_AC,GMN to CSMTH
98771,GN 71,GN71,0,CSMTH_GMN,SLOW,HARBOUR,DN,CSMTH,GMN,12_CAR,NON_AC,CSMTH to GMN
98772,GN 72,GN72,0,CSMTH_GMN,SLOW,HARBOUR,UP,GMN,CSMTH,12_CAR,NON_AC,GMN to CSMTH
98773,GN 73,GN73,0,CSMTH_GMN,SLOW,HARBOUR,DN,CSMTH,GMN,12_CAR,NON_AC,CSMTH to GMN
98774,GN 74,GN74,0,CSMTH_GMN,SLOW,HARBOUR,UP,GMN,CSMTH,12_CAR,NON_AC,GMN to CSMTH
98775,GN 75,GN75,0,CSMTH_GMN,SLOW,HARBOUR,DN,CSMTH,GMN,12_CAR,NON_AC,CSMTH to GMN
98776,GN 76,GN76,0,CSMTH_GMN,SLOW,HARBOUR,UP,GMN,CSMTH,12_CAR,NON_AC,GMN to CSMTH
98777,GN 77,GN77,0,CSMTH_GMN,SLOW,HARBOUR,DN,CSMTH,GMN,12_CAR,NON_AC,CSMTH to GMN
98778,GN 78,GN78,0,CSMTH_GMN,SLOW,HARBOUR,UP,GMN,CSMTH,12_CAR,NON_AC,GMN to CSMTH; corrected train number from GN 7 to GN 78
98779,GN 79,GN79,0,CSMTH_GMN,SLOW,HARBOUR,DN,CSMTH,GMN,12_CAR,NON_AC,CSMTH to GMN
98780,GN 80,GN80,0,CSMTH_GMN,SLOW,HARBOUR,UP,GMN,CSMTH,12_CAR,NON_AC,GMN to CSMTH
98781,GN 81,GN81,0,CSMTH_GMN,SLOW,HARBOUR,DN,CSMTH,GMN,12_CAR,NON_AC,CSMTH to GMN
98782,GN 82,GN82,0,CSMTH_GMN,SLOW,HARBOUR,UP,GMN,CSMTH,12_CAR,NON_AC,GMN to CSMTH
98783,GN 83,GN83,0,CSMTH_GMN,SLOW,HARBOUR,DN,CSMTH,GMN,12_CAR,NON_AC,CSMTH to GMN
98784,GN 84,GN84,0,CSMTH_GMN,SLOW,HARBOUR,UP,GMN,CSMTH,12_CAR,NON_AC,GMN to CSMTH
98785,GN 85,GN85,0,CSMTH_GMN,SLOW,HARBOUR,DN,CSMTH,GMN,12_CAR,NON_AC,CSMTH to GMN
98786,GN 86,GN86,0,CSMTH_GMN,SLOW,HARBOUR,UP,GMN,CSMTH,12_CAR,NON_AC,GMN to CSMTH
98787,GN 87,GN87,0,CSMTH_GMN,SLOW,HARBOUR,DN,CSMTH,GMN,12_CAR,NON_AC,CSMTH to GMN
98788,GN 88,GN88,0,CSMTH_GMN,SLOW,HARBOUR,UP,GMN,CSMTH,12_CAR,NON_AC,GMN to CSMTH
98801,B 1,B1,0,CSMTH_GMN,SLOW,HARBOUR,DN,CSMTH,BA,12_CAR,NON_AC,CSMTH to BA
98802,B 2,B2,0,CSMTH_GMN,SLOW,HARBOUR,UP,BA,CSMTH,12_CAR,NON_AC,BA to CSMTH
98803,B 3,B3,0,CSMTH_GMN,SLOW,HARBOUR,DN,CSMTH,BA,12_CAR,NON_AC,CSMTH to BA
98804,B 4,B4,0,CSMTH_GMN,SLOW,HARBOUR,UP,BA,CSMTH,12_CAR,NON_AC,BA to CSMTH
98805,B 5,B5,0,CSMTH_GMN,SLOW,HARBOUR,DN,CSMTH,BA,12_CAR,NON_AC,CSMTH to BA
98806,B 6,B6,0,CSMTH_GMN,SLOW,HARBOUR,UP,BA,CSMTH,12_CAR,NON_AC,BA to CSMTH
98807,B 7,B7,0,CSMTH_GMN,SLOW,HARBOUR,DN,CSMTH,BA,12_CAR,NON_AC,CSMTH to BA
98808,B 8,B8,0,CSMTH_GMN,SLOW,HARBOUR,UP,BA,CSMTH,12_CAR,NON_AC,BA to CSMTH
98809,B 9,B9,0,CSMTH_GMN,SLOW,HARBOUR,DN,CSMTH,BA,12_CAR,NON_AC,CSMTH to BA
98810,B 10,B10,0,CSMTH_GMN,SLOW,HARBOUR,UP,BA,CSMTH,12_CAR,NON_AC,BA to CSMTH
98811,B 11,B11,0,CSMTH_GMN,SLOW,HARBOUR,DN,CSMTH,BA,12_CAR,NON_AC,CSMTH to BA
98812,B 12,B12,0,CSMTH_GMN,SLOW,HARBOUR,UP,BA,CSMTH,12_CAR,NON_AC,BA to CSMTH
98813,B 13,B13,0,CSMTH_GMN,SLOW,HARBOUR,DN,CSMTH,BA,12_CAR,NON_AC,CSMTH to BA
98814,B 14,B14,0,CSMTH_GMN,SLOW,HARBOUR,UP,BA,CSMTH,12_CAR,NON_AC,BA to CSMTH
98815,B 15,B15,0,CSMTH_GMN,SLOW,HARBOUR,DN,CSMTH,BA,12_CAR,NON_AC,CSMTH to BA
98816,B 16,B16,0,CSMTH_GMN,SLOW,HARBOUR,UP,BA,CSMTH,12_CAR,NON_AC,BA to CSMTH
98817,B 17,B17,0,CSMTH_GMN,SLOW,HARBOUR,DN,CSMTH,BA,12_CAR,NON_AC,CSMTH to BA
98818,B 18,B18,0,CSMTH_GMN,SLOW,HARBOUR,UP,BA,CSMTH,12_CAR,NON_AC,BA to CSMTH
98819,B 19,B19,0,CSMTH_GMN,SLOW,HARBOUR,DN,CSMTH,BA,12_CAR,NON_AC,CSMTH to BA
98820,B 20,B20,0,CSMTH_GMN,SLOW,HARBOUR,UP,BA,CSMTH,12_CAR,NON_AC,BA to CSMTH
98821,B 21,B21,0,CSMTH_GMN,SLOW,HARBOUR,DN,CSMTH,BA,12_CAR,NON_AC,CSMTH to BA
98822,B 22,B22,0,CSMTH_GMN,SLOW,HARBOUR,UP,BA,CSMTH,12_CAR,NON_AC,BA to CSMTH
98823,B 23,B23,0,CSMTH_GMN,SLOW,HARBOUR,DN,CSMTH,BA,12_CAR,NON_AC,CSMTH to BA
98824,B 24,B24,0,CSMTH_GMN,SLOW,HARBOUR,UP,BA,CSMTH,12_CAR,NON_AC,BA to CSMTH
98825,B 25,B25,0,CSMTH_GMN,SLOW,HARBOUR,DN,CSMTH,BA,12_CAR,NON_AC,CSMTH to BA
98826,B 26,B26,0,CSMTH_GMN,SLOW,HARBOUR,UP,BA,CSMTH,12_CAR,NON_AC,BA to CSMTH
98827,B 27,B27,0,CSMTH_GMN,SLOW,HARBOUR,DN,CSMTH,BA,12_CAR,NON_AC,CSMTH to BA
98828,B 28,B28,0,CSMTH_GMN,SLOW,HARBOUR,UP,BA,CSMTH,12_CAR,NON_AC,BA to CSMTH
98829,B 29,B29,0,CSMTH_GMN,SLOW,HARBOUR,DN,CSMTH,BA,12_CAR,NON_AC,CSMTH to BA
98830,B 30,B30,0,CSMTH_GMN,SLOW,HARBOUR,UP,BA,CSMTH,12_CAR,NON_AC,BA to CSMTH
98831,B 31,B31,0,CSMTH_GMN,SLOW,HARBOUR,DN,CSMTH,BA,12_CAR,NON_AC,CSMTH to BA
98832,B 32,B32,0,CSMTH_GMN,SLOW,HARBOUR,UP,BA,CSMTH,12_CAR,NON_AC,BA to CSMTH; corrected train number from train code 98832 to B 32
98833,B 33,B33,0,CSMTH_GMN,SLOW,HARBOUR,DN,CSMTH,BA,12_CAR,NON_AC,CSMTH to BA
98834,B 34,B34,0,CSMTH_GMN,SLOW,HARBOUR,UP,BA,CSMTH,12_CAR,NON_AC,BA to CSMTH
98835,B 35,B35,0,CSMTH_GMN,SLOW,HARBOUR,DN,CSMTH,BA,12_CAR,NON_AC,CSMTH to BA
98836,B 36,B36,0,CSMTH_GMN,SLOW,HARBOUR,UP,BA,CSMTH,12_CAR,NON_AC,BA to CSMTH
98837,B 37,B37,0,CSMTH_GMN,SLOW,HARBOUR,DN,CSMTH,BA,12_CAR,NON_AC,CSMTH to BA
98838,B 38,B38,0,CSMTH_GMN,SLOW,HARBOUR,UP,BA,CSMTH,12_CAR,NON_AC,BA to CSMTH
98839,B 39,B39,0,CSMTH_GMN,SLOW,HARBOUR,DN,CSMTH,BA,12_CAR,NON_AC,CSMTH to BA
98840,B 40,B40,0,CSMTH_GMN,SLOW,HARBOUR,UP,BA,CSMTH,12_CAR,NON_AC,BA to CSMTH
98841,B 41,B41,0,CSMTH_GMN,SLOW,HARBOUR,DN,CSMTH,BA,12_CAR,NON_AC,CSMTH to BA
98842,B 42,B42,0,CSMTH_GMN,SLOW,HARBOUR,UP,BA,CSMTH,12_CAR,NON_AC,BA to CSMTH
98843,B 43,B43,0,CSMTH_GMN,SLOW,HARBOUR,DN,CSMTH,BA,12_CAR,NON_AC,CSMTH to BA
98844,B 44,B44,0,CSMTH_GMN,SLOW,HARBOUR,UP,BA,CSMTH,12_CAR,NON_AC,BA to CSMTH
98845,B 45,B45,0,CSMTH_GMN,SLOW,HARBOUR,DN,CSMTH,BA,12_CAR,NON_AC,CSMTH to BA
98846,B 46,B46,0,CSMTH_GMN,SLOW,HARBOUR,UP,BA,CSMTH,12_CAR,NON_AC,BA to CSMTH
98847,B 47,B47,0,CSMTH_GMN,SLOW,HARBOUR,DN,CSMTH,BA,12_CAR,NON_AC,CSMTH to BA
98848,B 48,B48,0,CSMTH_GMN,SLOW,HARBOUR,UP,BA,CSMTH,12_CAR,NON_AC,BA to CSMTH
98849,B 49,B49,0,CSMTH_GMN,SLOW,HARBOUR,DN,CSMTH,BA,12_CAR,NON_AC,CSMTH to BA
98850,B 50,B50,0,CSMTH_GMN,SLOW,HARBOUR,UP,BA,CSMTH,12_CAR,NON_AC,BA to CSMTH
98851,B 51,B51,0,CSMTH_GMN,SLOW,HARBOUR,DN,CSMTH,BA,12_CAR,NON_AC,CSMTH to BA
98852,B 52,B52,0,CSMTH_GMN,SLOW,HARBOUR,UP,BA,CSMTH,12_CAR,NON_AC,BA to CSMTH
98853,B 53,B53,0,CSMTH_GMN,SLOW,HARBOUR,DN,CSMTH,BA,12_CAR,NON_AC,CSMTH to BA
98854,B 54,B54,0,CSMTH_GMN,SLOW,HARBOUR,UP,BA,CSMTH,12_CAR,NON_AC,BA to CSMTH
98855,B 55,B55,0,CSMTH_GMN,SLOW,HARBOUR,DN,CSMTH,BA,12_CAR,NON_AC,CSMTH to BA
98856,B 56,B56,0,CSMTH_GMN,SLOW,HARBOUR,UP,BA,CSMTH,12_CAR,NON_AC,BA to CSMTH
98857,B 57,B57,0,CSMTH_GMN,SLOW,HARBOUR,DN,CSMTH,BA,12_CAR,NON_AC,CSMTH to BA
98858,B 58,B58,0,CSMTH_GMN,SLOW,HARBOUR,UP,BA,CSMTH,12_CAR,NON_AC,BA to CSMTH
98859,B 59,B59,0,CSMTH_GMN,SLOW,HARBOUR,DN,CSMTH,BA,12_CAR,NON_AC,CSMTH to BA
98860,B 60,B60,0,CSMTH_GMN,SLOW,HARBOUR,UP,BA,CSMTH,12_CAR,NON_AC,BA to CSMTH
98861,B 61,B61,0,CSMTH_GMN,SLOW,HARBOUR,DN,CSMTH,BA,12_CAR,NON_AC,CSMTH to BA
98862,B 62,B62,0,CSMTH_GMN,SLOW,HARBOUR,UP,BA,CSMTH,12_CAR,NON_AC,BA to CSMTH
98863,B 63,B63,0,CSMTH_GMN,SLOW,HARBOUR,DN,CSMTH,BA,12_CAR,NON_AC,CSMTH to BA
98864,B 64,B64,0,CSMTH_GMN,SLOW,HARBOUR,UP,BA,CSMTH,12_CAR,NON_AC,BA to CSMTH
98865,B 65,B65,0,CSMTH_GMN,SLOW,HARBOUR,DN,CSMTH,BA,12_CAR,NON_AC,CSMTH to BA
98866,B 66,B66,0,CSMTH_GMN,SLOW,HARBOUR,UP,BA,CSMTH,12_CAR,NON_AC,BA to CSMTH
98867,B 67,B67,0,CSMTH_GMN,SLOW,HARBOUR,DN,CSMTH,BA,12_CAR,NON_AC,CSMTH to BA
98868,B 68,B68,0,CSMTH_GMN,SLOW,HARBOUR,UP,BA,CSMTH,12_CAR,NON_AC,BA to CSMTH
98869,B 69,B69,0,CSMTH_GMN,SLOW,HARBOUR,DN,CSMTH,BA,12_CAR,NON_AC,CSMTH to BA
98870,B 70,B70,0,CSMTH_GMN,SLOW,HARBOUR,UP,BA,CSMTH,12_CAR,NON_AC,BA to CSMTH
98871,B 71,B71,0,CSMTH_GMN,SLOW,HARBOUR,DN,CSMTH,BA,12_CAR,NON_AC,CSMTH to BA
98872,B 72,B72,0,CSMTH_GMN,SLOW,HARBOUR,UP,BA,CSMTH,12_CAR,NON_AC,BA to CSMTH
98873,B 73,B73,0,CSMTH_GMN,SLOW,HARBOUR,DN,CSMTH,BA,12_CAR,NON_AC,CSMTH to BA
98874,B 74,B74,0,CSMTH_GMN,SLOW,HARBOUR,UP,BA,CSMTH,12_CAR,NON_AC,BA to CSMTH
98875,B 75,B75,0,CSMTH_GMN,SLOW,HARBOUR,DN,CSMTH,BA,12_CAR,NON_AC,CSMTH to BA
98876,B 76,B76,0,CSMTH_GMN,SLOW,HARBOUR,UP,BA,CSMTH,12_CAR,NON_AC,BA to CSMTH
98877,B 77,B77,0,CSMTH_GMN,SLOW,HARBOUR,DN,CSMTH,BA,12_CAR,NON_AC,CSMTH to BA
98878,B 78,B78,0,CSMTH_GMN,SLOW,HARBOUR,UP,BA,CSMTH,12_CAR,NON_AC,BA to CSMTH
98879,B 79,B79,0,CSMTH_GMN,SLOW,HARBOUR,DN,CSMTH,BA,12_CAR,NON_AC,CSMTH to BA
98880,B 80,B80,0,CSMTH_GMN,SLOW,HARBOUR,UP,BA,CSMTH,12_CAR,NON_AC,BA to CSMTH
98881,B 81,B81,0,CSMTH_GMN,SLOW,HARBOUR,DN,CSMTH,BA,12_CAR,NON_AC,CSMTH to BA
98882,B 82,B82,0,CSMTH_GMN,SLOW,HARBOUR,UP,BA,CSMTH,12_CAR,NON_AC,BA to CSMTH
98883,B 83,B83,0,CSMTH_GMN,SLOW,HARBOUR,DN,CSMTH,BA,12_CAR,NON_AC,CSMTH to BA
98884,B 84,B84,0,CSMTH_GMN,SLOW,HARBOUR,UP,BA,CSMTH,12_CAR,NON_AC,BA to CSMTH
98885,B 85,B85,0,CSMTH_GMN,SLOW,HARBOUR,DN,CSMTH,BA,12_CAR,NON_AC,CSMTH to BA
98886,B 86,B86,0,CSMTH_GMN,SLOW,HARBOUR,UP,BA,CSMTH,12_CAR,NON_AC,BA to CSMTH
98901,PLGN 1,PLGN1,0,HARBOUR,SLOW,HARBOUR,DN,PNVL,GMN,12_CAR,NON_AC,GMN-PNVL special - check actual route
98902,GNPL 2,GNPL2,0,HARBOUR,SLOW,HARBOUR,UP,GMN,PNVL,12_CAR,NON_AC,GMN-PNVL special - check actual route
98903,PLGN 3,PLGN3,0,HARBOUR,SLOW,HARBOUR,DN,PNVL,GMN,12_CAR,NON_AC,GMN-PNVL special - check actual route
98904,GNPL 4,GNPL4,0,HARBOUR,SLOW,HARBOUR,UP,GMN,PNVL,12_CAR,NON_AC,GMN-PNVL special - check actual route
98905,PLGN 5,PLGN5,0,HARBOUR,SLOW,HARBOUR,DN,PNVL,GMN,12_CAR,NON_AC,GMN-PNVL special - check actual route
98906,GNPL 5,GNPL5,0,HARBOUR,SLOW,HARBOUR,UP,GMN,PNVL,12_CAR,NON_AC,GMN-PNVL special - check actual route; alternate label in corridor map: GNPL 6
98907,PLGN 7,PLGN7,0,HARBOUR,SLOW,HARBOUR,DN,PNVL,GMN,12_CAR,NON_AC,GMN-PNVL special - check actual route
98908,GNPL 8,GNPL8,0,HARBOUR,SLOW,HARBOUR,UP,GMN,PNVL,12_CAR,NON_AC,GMN-PNVL special - check actual route
98909,PLGN 9,PLGN9,0,HARBOUR,SLOW,HARBOUR,DN,PNVL,GMN,12_CAR,NON_AC,GMN-PNVL special - check actual route
98910,GNPL 10,GNPL10,0,HARBOUR,SLOW,HARBOUR,UP,GMN,PNVL,12_CAR,NON_AC,GMN-PNVL special - check actual route
98911,PLGN 11,PLGN11,0,HARBOUR,SLOW,HARBOUR,DN,PNVL,GMN,12_CAR,NON_AC,GMN-PNVL special - check actual route
98912,GNPL 12,GNPL12,0,HARBOUR,SLOW,HARBOUR,UP,GMN,PNVL,12_CAR,NON_AC,GMN-PNVL special - check actual route
98913,PLGN 13,PLGN13,0,HARBOUR,SLOW,HARBOUR,DN,PNVL,GMN,12_CAR,NON_AC,GMN-PNVL special - check actual route
98914,GNPL 14,GNPL14,0,HARBOUR,SLOW,HARBOUR,UP,GMN,PNVL,12_CAR,NON_AC,GMN-PNVL special - check actual route
98915,PLGN 15,PLGN15,0,HARBOUR,SLOW,HARBOUR,DN,PNVL,GMN,12_CAR,NON_AC,GMN-PNVL special - check actual route
98916,GNPL 16,GNPL16,0,HARBOUR,SLOW,HARBOUR,UP,GMN,PNVL,12_CAR,NON_AC,GMN-PNVL special - check actual route
98917,PLGN 17,PLGN17,0,HARBOUR,SLOW,HARBOUR,DN,PNVL,GMN,12_CAR,NON_AC,GMN-PNVL special - check actual route
98918,GNPL 18,GNPL18,0,HARBOUR,SLOW,HARBOUR,UP,GMN,PNVL,12_CAR,NON_AC,GMN-PNVL special - check actual route
99001,TPL 1,TPL1,0,THB_PNVL,SLOW,TRANS_HARBOUR,DN,TNA,PNVL,12_CAR,NON_AC,Trans-Harbour to PNVL
99002,TPL 2,TPL2,0,THB_PNVL,SLOW,TRANS_HARBOUR,UP,PNVL,TNA,12_CAR,NON_AC,Trans-Harbour to PNVL
99003,TPL 3,TPL3,0,THB_PNVL,SLOW,TRANS_HARBOUR,DN,TNA,PNVL,12_CAR,NON_AC,Trans-Harbour to PNVL
99004,TPL 4,TPL4,0,THB_PNVL,SLOW,TRANS_HARBOUR,UP,PNVL,TNA,12_CAR,NON_AC,Trans-Harbour to PNVL
99005,TPL 5,TPL5,0,THB_PNVL,SLOW,TRANS_HARBOUR,DN,TNA,PNVL,12_CAR,NON_AC,Trans-Harbour to PNVL
99006,TPL 6,TPL6,0,THB_PNVL,SLOW,TRANS_HARBOUR,UP,PNVL,TNA,12_CAR,NON_AC,Trans-Harbour to PNVL
99007,TPL 7,TPL7,0,THB_PNVL,SLOW,TRANS_HARBOUR,DN,TNA,PNVL,12_CAR,NON_AC,Trans-Harbour to PNVL
99008,TPL 8,TPL8,0,THB_PNVL,SLOW,TRANS_HARBOUR,UP,PNVL,TNA,12_CAR,NON_AC,Trans-Harbour to PNVL
99009,TPL 9,TPL9,0,THB_PNVL,SLOW,TRANS_HARBOUR,DN,TNA,PNVL,12_CAR,NON_AC,Trans-Harbour to PNVL
99010,TPL 10,TPL10,0,THB_PNVL,SLOW,TRANS_HARBOUR,UP,PNVL,TNA,12_CAR,NON_AC,Trans-Harbour to PNVL
99011,TPL 11,TPL11,0,THB_PNVL,SLOW,TRANS_HARBOUR,DN,TNA,PNVL,12_CAR,NON_AC,Trans-Harbour to PNVL
99012,TPL 12,TPL12,0,THB_PNVL,SLOW,TRANS_HARBOUR,UP,PNVL,TNA,12_CAR,NON_AC,Trans-Harbour to PNVL
99013,TPL 13,TPL13,0,THB_PNVL,SLOW,TRANS_HARBOUR,DN,TNA,PNVL,12_CAR,NON_AC,Trans-Harbour to PNVL
99014,TPL 14,TPL14,0,THB_PNVL,SLOW,TRANS_HARBOUR,UP,PNVL,TNA,12_CAR,NON_AC,Trans-Harbour to PNVL
99015,TPL 15,TPL15,0,THB_PNVL,SLOW,TRANS_HARBOUR,DN,TNA,PNVL,12_CAR,NON_AC,Trans-Harbour to PNVL
99016,TPL 16,TPL16,0,THB_PNVL,SLOW,TRANS_HARBOUR,UP,PNVL,TNA,12_CAR,NON_AC,Trans-Harbour to PNVL
99017,TPL 17,TPL17,0,THB_PNVL,SLOW,TRANS_HARBOUR,DN,TNA,PNVL,12_CAR,NON_AC,Trans-Harbour to PNVL
99018,TPL 18,TPL18,0,THB_PNVL,SLOW,TRANS_HARBOUR,UP,PNVL,TNA,12_CAR,NON_AC,Trans-Harbour to PNVL
99019,TPL 19,TPL19,0,THB_PNVL,SLOW,TRANS_HARBOUR,DN,TNA,PNVL,12_CAR,NON_AC,Trans-Harbour to PNVL
99020,TPL 20,TPL20,0,THB_PNVL,SLOW,TRANS_HARBOUR,UP,PNVL,TNA,12_CAR,NON_AC,Trans-Harbour to PNVL
99021,TPL 21,TPL21,0,THB_PNVL,SLOW,TRANS_HARBOUR,DN,TNA,PNVL,12_CAR,NON_AC,Trans-Harbour to PNVL
99022,TPL 22,TPL22,0,THB_PNVL,SLOW,TRANS_HARBOUR,UP,PNVL,TNA,12_CAR,NON_AC,Trans-Harbour to PNVL
99023,TPL 23,TPL23,0,THB_PNVL,SLOW,TRANS_HARBOUR,DN,TNA,PNVL,12_CAR,NON_AC,Trans-Harbour to PNVL
99024,TPL 24,TPL24,0,THB_PNVL,SLOW,TRANS_HARBOUR,UP,PNVL,TNA,12_CAR,NON_AC,Trans-Harbour to PNVL
99025,TPL 25,TPL25,0,THB_PNVL,SLOW,TRANS_HARBOUR,DN,TNA,PNVL,12_CAR,NON_AC,Trans-Harbour to PNVL
99026,TPL,TPL,0,THB_PNVL,SLOW,TRANS_HARBOUR,UP,PNVL,TNA,12_CAR,NON_AC,Trans-Harbour to PNVL; alternate label in corridor map: TPL 26
99027,TPL 27,TPL27,0,THB_PNVL,SLOW,TRANS_HARBOUR,DN,TNA,PNVL,12_CAR,NON_AC,Trans-Harbour to PNVL
99028,TPL 28,TPL28,0,THB_PNVL,SLOW,TRANS_HARBOUR,UP,PNVL,TNA,12_CAR,NON_AC,Trans-Harbour to PNVL
99029,TPL 29,TPL29,0,THB_PNVL,SLOW,TRANS_HARBOUR,DN,TNA,PNVL,12_CAR,NON_AC,Trans-Harbour to PNVL
99030,TPL 30,TPL30,0,THB_PNVL,SLOW,TRANS_HARBOUR,UP,PNVL,TNA,12_CAR,NON_AC,Trans-Harbour to PNVL
99031,TPL 31,TPL31,0,THB_PNVL,SLOW,TRANS_HARBOUR,DN,TNA,PNVL,12_CAR,NON_AC,Trans-Harbour to PNVL
99032,TPL 32,TPL32,0,THB_PNVL,SLOW,TRANS_HARBOUR,UP,PNVL,TNA,12_CAR,NON_AC,Trans-Harbour to PNVL
99033,TPL 33,TPL33,0,THB_PNVL,SLOW,TRANS_HARBOUR,DN,TNA,PNVL,12_CAR,NON_AC,Trans-Harbour to PNVL
99034,TPL 34,TPL34,0,THB_PNVL,SLOW,TRANS_HARBOUR,UP,PNVL,TNA,12_CAR,NON_AC,Trans-Harbour to PNVL
99035,TPL 35,TPL35,0,THB_PNVL,SLOW,TRANS_HARBOUR,DN,TNA,PNVL,12_CAR,NON_AC,Trans-Harbour to PNVL
99036,TPL 36,TPL36,0,THB_PNVL,SLOW,TRANS_HARBOUR,UP,PNVL,TNA,12_CAR,NON_AC,Trans-Harbour to PNVL
99037,TPL 37,TPL37,0,THB_PNVL,SLOW,TRANS_HARBOUR,DN,TNA,PNVL,12_CAR,NON_AC,Trans-Harbour to PNVL
99038,TPL 38,TPL38,0,THB_PNVL,SLOW,TRANS_HARBOUR,UP,PNVL,TNA,12_CAR,NON_AC,Trans-Harbour to PNVL
99039,TPL 39,TPL39,0,THB_PNVL,SLOW,TRANS_HARBOUR,DN,TNA,PNVL,12_CAR,NON_AC,Trans-Harbour to PNVL
99040,TPL 40,TPL40,0,THB_PNVL,SLOW,TRANS_HARBOUR,UP,PNVL,TNA,12_CAR,NON_AC,Trans-Harbour to PNVL
99041,TPL 41,TPL41,0,THB_PNVL,SLOW,TRANS_HARBOUR,DN,TNA,PNVL,12_CAR,NON_AC,Trans-Harbour to PNVL
99042,TPL 42,TPL42,0,THB_PNVL,SLOW,TRANS_HARBOUR,UP,PNVL,TNA,12_CAR,NON_AC,Trans-Harbour to PNVL
99043,TPL 43,TPL43,0,THB_PNVL,SLOW,TRANS_HARBOUR,DN,TNA,PNVL,12_CAR,NON_AC,Trans-Harbour to PNVL
99044,TPL 44,TPL44,0,THB_PNVL,SLOW,TRANS_HARBOUR,UP,PNVL,TNA,12_CAR,NON_AC,Trans-Harbour to PNVL
99045,TPL 45,TPL45,0,THB_PNVL,SLOW,TRANS_HARBOUR,DN,TNA,PNVL,12_CAR,NON_AC,Trans-Harbour to PNVL
99046,TPL 46,TPL46,0,THB_PNVL,SLOW,TRANS_HARBOUR,UP,PNVL,TNA,12_CAR,NON_AC,Trans-Harbour to PNVL
99047,TPL 47,TPL47,0,THB_PNVL,SLOW,TRANS_HARBOUR,DN,TNA,PNVL,12_CAR,NON_AC,Trans-Harbour to PNVL
99048,TPL 48,TPL48,0,THB_PNVL,SLOW,TRANS_HARBOUR,UP,PNVL,TNA,12_CAR,NON_AC,Trans-Harbour to PNVL
99049,TPL 49,TPL49,0,THB_PNVL,SLOW,TRANS_HARBOUR,DN,TNA,PNVL,12_CAR,NON_AC,Trans-Harbour to PNVL
99050,TPL 50,TPL50,0,THB_PNVL,SLOW,TRANS_HARBOUR,UP,PNVL,TNA,12_CAR,NON_AC,Trans-Harbour to PNVL
99051,TPL 51,TPL51,0,THB_PNVL,SLOW,TRANS_HARBOUR,DN,TNA,PNVL,12_CAR,NON_AC,Trans-Harbour to PNVL
99052,TPL 52,TPL52,0,THB_PNVL,SLOW,TRANS_HARBOUR,UP,PNVL,TNA,12_CAR,NON_AC,Trans-Harbour to PNVL
99053,TPL 53,TPL53,0,THB_PNVL,SLOW,TRANS_HARBOUR,DN,TNA,PNVL,12_CAR,NON_AC,Trans-Harbour to PNVL
99054,TPL 54,TPL54,0,THB_PNVL,SLOW,TRANS_HARBOUR,UP,PNVL,TNA,12_CAR,NON_AC,Trans-Harbour to PNVL
99055,TPL 55,TPL55,0,THB_PNVL,SLOW,TRANS_HARBOUR,DN,TNA,PNVL,12_CAR,NON_AC,Trans-Harbour to PNVL
99056,TPL 56,TPL56,0,THB_PNVL,SLOW,TRANS_HARBOUR,UP,PNVL,TNA,12_CAR,NON_AC,Trans-Harbour to PNVL
99057,TPL 57,TPL57,0,THB_PNVL,SLOW,TRANS_HARBOUR,DN,TNA,PNVL,12_CAR,NON_AC,Trans-Harbour to PNVL
99058,TPL 58,TPL58,0,THB_PNVL,SLOW,TRANS_HARBOUR,UP,PNVL,TNA,12_CAR,NON_AC,Trans-Harbour to PNVL
99059,TPL 59,TPL59,0,THB_PNVL,SLOW,TRANS_HARBOUR,DN,TNA,PNVL,12_CAR,NON_AC,Trans-Harbour to PNVL
99060,TPL 60,TPL60,0,THB_PNVL,SLOW,TRANS_HARBOUR,UP,PNVL,TNA,12_CAR,NON_AC,Trans-Harbour to PNVL
99061,TPL 61,TPL61,0,THB_PNVL,SLOW,TRANS_HARBOUR,DN,TNA,PNVL,12_CAR,NON_AC,Trans-Harbour to PNVL
99062,TPL 62,TPL62,0,THB_PNVL,SLOW,TRANS_HARBOUR,UP,PNVL,TNA,12_CAR,NON_AC,Trans-Harbour to PNVL
99063,TPL 63,TPL63,0,THB_PNVL,SLOW,TRANS_HARBOUR,DN,TNA,PNVL,12_CAR,NON_AC,Trans-Harbour to PNVL
99064,TPL 64,TPL64,0,THB_PNVL,SLOW,TRANS_HARBOUR,UP,PNVL,TNA,12_CAR,NON_AC,Trans-Harbour to PNVL
99065,TPL 65,TPL65,0,THB_PNVL,SLOW,TRANS_HARBOUR,DN,TNA,PNVL,12_CAR,NON_AC,Trans-Harbour to PNVL
99066,TPL 66,TPL66,0,THB_PNVL,SLOW,TRANS_HARBOUR,UP,PNVL,TNA,12_CAR,NON_AC,Trans-Harbour to PNVL
99067,TPL 67,TPL67,0,THB_PNVL,SLOW,TRANS_HARBOUR,DN,TNA,PNVL,12_CAR,NON_AC,Trans-Harbour to PNVL
99068,TPL 68,TPL68,0,THB_PNVL,SLOW,TRANS_HARBOUR,UP,PNVL,TNA,12_CAR,NON_AC,Trans-Harbour to PNVL
99069,TPL 69,TPL69,0,THB_PNVL,SLOW,TRANS_HARBOUR,DN,TNA,PNVL,12_CAR,NON_AC,Trans-Harbour to PNVL
99070,TPL 70,TPL70,0,THB_PNVL,SLOW,TRANS_HARBOUR,UP,PNVL,TNA,12_CAR,NON_AC,Trans-Harbour to PNVL
99071,TPL 71,TPL71,0,THB_PNVL,SLOW,TRANS_HARBOUR,DN,TNA,PNVL,12_CAR,NON_AC,Trans-Harbour to PNVL
99072,TPL 72,TPL72,0,THB_PNVL,SLOW,TRANS_HARBOUR,UP,PNVL,TNA,12_CAR,NON_AC,Trans-Harbour to PNVL
99073,TPL 73,TPL73,0,THB_PNVL,SLOW,TRANS_HARBOUR,DN,TNA,PNVL,12_CAR,NON_AC,Trans-Harbour to PNVL
99074,TPL 74,TPL74,0,THB_PNVL,SLOW,TRANS_HARBOUR,UP,PNVL,TNA,12_CAR,NON_AC,Trans-Harbour to PNVL
99201,TNU 1,TNU1,0,THB_NEU,SLOW,TRANS_HARBOUR,DN,TNA,NEU_THB,12_CAR,NON_AC,Trans-Harbour to NEU_THB
99202,TNU 2,TNU2,0,THB_NEU,SLOW,TRANS_HARBOUR,UP,NEU_THB,TNA,12_CAR,NON_AC,Trans-Harbour to NEU_THB
99203,TNU 3,TNU3,0,THB_NEU,SLOW,TRANS_HARBOUR,DN,TNA,NEU_THB,12_CAR,NON_AC,Trans-Harbour to NEU_THB
99204,TNU 4,TNU4,0,THB_NEU,SLOW,TRANS_HARBOUR,UP,NEU_THB,TNA,12_CAR,NON_AC,Trans-Harbour to NEU_THB
99205,TNU 5,TNU5,0,THB_NEU,SLOW,TRANS_HARBOUR,DN,TNA,NEU_THB,12_CAR,NON_AC,Trans-Harbour to NEU_THB
99206,TNU 6,TNU6,0,THB_NEU,SLOW,TRANS_HARBOUR,UP,NEU_THB,TNA,12_CAR,NON_AC,Trans-Harbour to NEU_THB
99207,TNU 7,TNU7,0,THB_NEU,SLOW,TRANS_HARBOUR,DN,TNA,NEU_THB,12_CAR,NON_AC,Trans-Harbour to NEU_THB
99208,TNU 8,TNU8,0,THB_NEU,SLOW,TRANS_HARBOUR,UP,NEU_THB,TNA,12_CAR,NON_AC,Trans-Harbour to NEU_THB
99209,TNU 9,TNU9,0,THB_NEU,SLOW,TRANS_HARBOUR,DN,TNA,NEU_THB,12_CAR,NON_AC,Trans-Harbour to NEU_THB
99210,TNU 10,TNU10,0,THB_NEU,SLOW,TRANS_HARBOUR,UP,NEU_THB,TNA,12_CAR,NON_AC,Trans-Harbour to NEU_THB
99211,TNU 11,TNU11,0,THB_NEU,SLOW,TRANS_HARBOUR,DN,TNA,NEU_THB,12_CAR,NON_AC,Trans-Harbour to NEU_THB
99212,TNU 12,TNU12,0,THB_NEU,SLOW,TRANS_HARBOUR,UP,NEU_THB,TNA,12_CAR,NON_AC,Trans-Harbour to NEU_THB
99213,TNU 13,TNU13,0,THB_NEU,SLOW,TRANS_HARBOUR,DN,TNA,NEU_THB,12_CAR,NON_AC,Trans-Harbour to NEU_THB
99214,TNU 14,TNU14,0,THB_NEU,SLOW,TRANS_HARBOUR,UP,NEU_THB,TNA,12_CAR,NON_AC,Trans-Harbour to NEU_THB
99215,TNU 15,TNU15,0,THB_NEU,SLOW,TRANS_HARBOUR,DN,TNA,NEU_THB,12_CAR,NON_AC,Trans-Harbour to NEU_THB
99216,TNU 16,TNU16,0,THB_NEU,SLOW,TRANS_HARBOUR,UP,NEU_THB,TNA,12_CAR,NON_AC,Trans-Harbour to NEU_THB
99217,TNU 17,TNU17,0,THB_NEU,SLOW,TRANS_HARBOUR,DN,TNA,NEU_THB,12_CAR,NON_AC,Trans-Harbour to NEU_THB
99218,TNU 18,TNU18,0,THB_NEU,SLOW,TRANS_HARBOUR,UP,NEU_THB,TNA,12_CAR,NON_AC,Trans-Harbour to NEU_THB
99219,TNU 19,TNU19,0,THB_NEU,SLOW,TRANS_HARBOUR,DN,TNA,NEU_THB,12_CAR,NON_AC,Trans-Harbour to NEU_THB
99220,TNU 20,TNU20,0,THB_NEU,SLOW,TRANS_HARBOUR,UP,NEU_THB,TNA,12_CAR,NON_AC,Trans-Harbour to NEU_THB
99221,TNU 21,TNU21,0,THB_NEU,SLOW,TRANS_HARBOUR,DN,TNA,NEU_THB,12_CAR,NON_AC,Trans-Harbour to NEU_THB
99222,TNU 22,TNU22,0,THB_NEU,SLOW,TRANS_HARBOUR,UP,NEU_THB,TNA,12_CAR,NON_AC,Trans-Harbour to NEU_THB
99223,TNU 23,TNU23,0,THB_NEU,SLOW,TRANS_HARBOUR,DN,TNA,NEU_THB,12_CAR,NON_AC,Trans-Harbour to NEU_THB
99224,TNU 24,TNU24,0,THB_NEU,SLOW,TRANS_HARBOUR,UP,NEU_THB,TNA,12_CAR,NON_AC,Trans-Harbour to NEU_THB
99225,TNU 25,TNU25,0,THB_NEU,SLOW,TRANS_HARBOUR,DN,TNA,NEU_THB,12_CAR,NON_AC,Trans-Harbour to NEU_THB
99226,TNU 26,TNU26,0,THB_NEU,SLOW,TRANS_HARBOUR,UP,NEU_THB,TNA,12_CAR,NON_AC,Trans-Harbour to NEU_THB
99227,TNU 27,TNU27,0,THB_NEU,SLOW,TRANS_HARBOUR,DN,TNA,NEU_THB,12_CAR,NON_AC,Trans-Harbour to NEU_THB
99228,TNU 28,TNU28,0,THB_NEU,SLOW,TRANS_HARBOUR,UP,NEU_THB,TNA,12_CAR,NON_AC,Trans-Harbour to NEU_THB
99229,TNU 29,TNU29,0,THB_NEU,SLOW,TRANS_HARBOUR,DN,TNA,NEU_THB,12_CAR,NON_AC,Trans-Harbour to NEU_THB
99230,TNU 30,TNU30,0,THB_NEU,SLOW,TRANS_HARBOUR,UP,NEU_THB,TNA,12_CAR,NON_AC,Trans-Harbour to NEU_THB
99231,TNU 31,TNU31,0,THB_NEU,SLOW,TRANS_HARBOUR,DN,TNA,NEU_THB,12_CAR,NON_AC,Trans-Harbour to NEU_THB
99232,TNU 32,TNU32,0,THB_NEU,SLOW,TRANS_HARBOUR,UP,NEU_THB,TNA,12_CAR,NON_AC,Trans-Harbour to NEU_THB
99233,TNU 33,TNU33,0,THB_NEU,SLOW,TRANS_HARBOUR,DN,TNA,NEU_THB,12_CAR,NON_AC,Trans-Harbour to NEU_THB
99234,TNU 34,TNU34,0,THB_NEU,SLOW,TRANS_HARBOUR,UP,NEU_THB,TNA,12_CAR,NON_AC,Trans-Harbour to NEU_THB
99235,TNU 35,TNU35,0,THB_NEU,SLOW,TRANS_HARBOUR,DN,TNA,NEU_THB,12_CAR,NON_AC,Trans-Harbour to NEU_THB
99236,TNU 36,TNU36,0,THB_NEU,SLOW,TRANS_HARBOUR,UP,NEU_THB,TNA,12_CAR,NON_AC,Trans-Harbour to NEU_THB
99237,TNU 37,TNU37,0,THB_NEU,SLOW,TRANS_HARBOUR,DN,TNA,NEU_THB,12_CAR,NON_AC,Trans-Harbour to NEU_THB
99238,TNU 38,TNU38,0,THB_NEU,SLOW,TRANS_HARBOUR,UP,NEU_THB,TNA,12_CAR,NON_AC,Trans-Harbour to NEU_THB
99239,TNU 39,TNU39,0,THB_NEU,SLOW,TRANS_HARBOUR,DN,TNA,NEU_THB,12_CAR,NON_AC,Trans-Harbour to NEU_THB
99240,TNU 40,TNU40,0,THB_NEU,SLOW,TRANS_HARBOUR,UP,NEU_THB,TNA,12_CAR,NON_AC,Trans-Harbour to NEU_THB
99241,TNU 41,TNU41,0,THB_NEU,SLOW,TRANS_HARBOUR,DN,TNA,NEU_THB,12_CAR,NON_AC,Trans-Harbour to NEU_THB
99242,TNU 42,TNU42,0,THB_NEU,SLOW,TRANS_HARBOUR,UP,NEU_THB,TNA,12_CAR,NON_AC,Trans-Harbour to NEU_THB
99243,TNU 43,TNU43,0,THB_NEU,SLOW,TRANS_HARBOUR,DN,TNA,NEU_THB,12_CAR,NON_AC,Trans-Harbour to NEU_THB
99244,TNU 44,TNU44,0,THB_NEU,SLOW,TRANS_HARBOUR,UP,NEU_THB,TNA,12_CAR,NON_AC,Trans-Harbour to NEU_THB
99245,TNU 45,TNU45,0,THB_NEU,SLOW,TRANS_HARBOUR,DN,TNA,NEU_THB,12_CAR,NON_AC,Trans-Harbour to NEU_THB
99246,TNU 46,TNU46,0,THB_NEU,SLOW,TRANS_HARBOUR,UP,NEU_THB,TNA,12_CAR,NON_AC,Trans-Harbour to NEU_THB
99247,TNU 47,TNU47,0,THB_NEU,SLOW,TRANS_HARBOUR,DN,TNA,NEU_THB,12_CAR,NON_AC,Trans-Harbour to NEU_THB
99248,TNU 48,TNU48,0,THB_NEU,SLOW,TRANS_HARBOUR,UP,NEU_THB,TNA,12_CAR,NON_AC,Trans-Harbour to NEU_THB
99249,TNU 49,TNU49,0,THB_NEU,SLOW,TRANS_HARBOUR,DN,TNA,NEU_THB,12_CAR,NON_AC,Trans-Harbour to NEU_THB
99250,TNU 50,TNU50,0,THB_NEU,SLOW,TRANS_HARBOUR,UP,NEU_THB,TNA,12_CAR,NON_AC,Trans-Harbour to NEU_THB
99251,TNU 51,TNU51,0,THB_NEU,SLOW,TRANS_HARBOUR,DN,TNA,NEU_THB,12_CAR,NON_AC,Trans-Harbour to NEU_THB
99252,TNU 52,TNU52,0,THB_NEU,SLOW,TRANS_HARBOUR,UP,NEU_THB,TNA,12_CAR,NON_AC,Trans-Harbour to NEU_THB
99253,TNU 53,TNU53,0,THB_NEU,SLOW,TRANS_HARBOUR,DN,TNA,NEU_THB,12_CAR,NON_AC,Trans-Harbour to NEU_THB
99254,TNU 54,TNU54,0,THB_NEU,SLOW,TRANS_HARBOUR,UP,NEU_THB,TNA,12_CAR,NON_AC,Trans-Harbour to NEU_THB
99255,TNU 55,TNU55,0,THB_NEU,SLOW,TRANS_HARBOUR,DN,TNA,NEU_THB,12_CAR,NON_AC,Trans-Harbour to NEU_THB
99256,TNU 56,TNU56,0,THB_NEU,SLOW,TRANS_HARBOUR,UP,NEU_THB,TNA,12_CAR,NON_AC,Trans-Harbour to NEU_THB
99257,TNU 57,TNU57,0,THB_NEU,SLOW,TRANS_HARBOUR,DN,TNA,NEU_THB,12_CAR,NON_AC,Trans-Harbour to NEU_THB
99258,TNU 58,TNU58,0,THB_NEU,SLOW,TRANS_HARBOUR,UP,NEU_THB,TNA,12_CAR,NON_AC,Trans-Harbour to NEU_THB
99259,TNU 59,TNU59,0,THB_NEU,SLOW,TRANS_HARBOUR,DN,TNA,NEU_THB,12_CAR,NON_AC,Trans-Harbour to NEU_THB
99260,TNU 60,TNU60,0,THB_NEU,SLOW,TRANS_HARBOUR,UP,NEU_THB,TNA,12_CAR,NON_AC,Trans-Harbour to NEU_THB
99261,TNU 61,TNU61,0,THB_NEU,SLOW,TRANS_HARBOUR,DN,TNA,NEU_THB,12_CAR,NON_AC,Trans-Harbour to NEU_THB
99262,TNU 62,TNU62,0,THB_NEU,SLOW,TRANS_HARBOUR,UP,NEU_THB,TNA,12_CAR,NON_AC,Trans-Harbour to NEU_THB
99263,TNU 63,TNU63,0,THB_NEU,SLOW,TRANS_HARBOUR,DN,TNA,NEU_THB,12_CAR,NON_AC,Trans-Harbour to NEU_THB
99264,TNU 64,TNU64,0,THB_NEU,SLOW,TRANS_HARBOUR,UP,NEU_THB,TNA,12_CAR,NON_AC,Trans-Harbour to NEU_THB
99265,TNU 65,TNU65,0,THB_NEU,SLOW,TRANS_HARBOUR,DN,TNA,NEU_THB,12_CAR,NON_AC,Trans-Harbour to NEU_THB
99266,TNU 66,TNU66,0,THB_NEU,SLOW,TRANS_HARBOUR,UP,NEU_THB,TNA,12_CAR,NON_AC,Trans-Harbour to NEU_THB
99267,TNU 67,TNU67,0,THB_NEU,SLOW,TRANS_HARBOUR,DN,TNA,NEU_THB,12_CAR,NON_AC,Trans-Harbour to NEU_THB
99268,TNU 68,TNU68,0,THB_NEU,SLOW,TRANS_HARBOUR,UP,NEU_THB,TNA,12_CAR,NON_AC,Trans-Harbour to NEU_THB
99401,TV 1,TV1,0,THB_VSH,SLOW,TRANS_HARBOUR,DN,TNA,VSH_THB,12_CAR,NON_AC,Trans-Harbour to VSH_THB
99402,TV 2,TV2,0,THB_VSH,SLOW,TRANS_HARBOUR,UP,VSH_THB,TNA,12_CAR,NON_AC,Trans-Harbour to VSH_THB
99403,TV 3,TV3,0,THB_VSH,SLOW,TRANS_HARBOUR,DN,TNA,VSH_THB,12_CAR,NON_AC,Trans-Harbour to VSH_THB
99404,TV 4,TV4,0,THB_VSH,SLOW,TRANS_HARBOUR,UP,VSH_THB,TNA,12_CAR,NON_AC,Trans-Harbour to VSH_THB
99405,TV 5,TV5,0,THB_VSH,SLOW,TRANS_HARBOUR,DN,TNA,VSH_THB,12_CAR,NON_AC,Trans-Harbour to VSH_THB
99406,TV 6,TV6,0,THB_VSH,SLOW,TRANS_HARBOUR,UP,VSH_THB,TNA,12_CAR,NON_AC,Trans-Harbour to VSH_THB
99407,TV 7,TV7,0,THB_VSH,SLOW,TRANS_HARBOUR,DN,TNA,VSH_THB,12_CAR,NON_AC,Trans-Harbour to VSH_THB
99408,TV 8,TV8,0,THB_VSH,SLOW,TRANS_HARBOUR,UP,VSH_THB,TNA,12_CAR,NON_AC,Trans-Harbour to VSH_THB
99409,TV 9,TV9,0,THB_VSH,SLOW,TRANS_HARBOUR,DN,TNA,VSH_THB,12_CAR,NON_AC,Trans-Harbour to VSH_THB
99410,TV 10,TV10,0,THB_VSH,SLOW,TRANS_HARBOUR,UP,VSH_THB,TNA,12_CAR,NON_AC,Trans-Harbour to VSH_THB
99411,TV 11,TV11,0,THB_VSH,SLOW,TRANS_HARBOUR,DN,TNA,VSH_THB,12_CAR,NON_AC,Trans-Harbour to VSH_THB
99412,TV 12,TV12,0,THB_VSH,SLOW,TRANS_HARBOUR,UP,VSH_THB,TNA,12_CAR,NON_AC,Trans-Harbour to VSH_THB
99413,TV 13,TV13,0,THB_VSH,SLOW,TRANS_HARBOUR,DN,TNA,VSH_THB,12_CAR,NON_AC,Trans-Harbour to VSH_THB
99414,TV 14,TV14,0,THB_VSH,SLOW,TRANS_HARBOUR,UP,VSH_THB,TNA,12_CAR,NON_AC,Trans-Harbour to VSH_THB
99415,TV 15,TV15,0,THB_VSH,SLOW,TRANS_HARBOUR,DN,TNA,VSH_THB,12_CAR,NON_AC,Trans-Harbour to VSH_THB
99416,TV 16,TV16,0,THB_VSH,SLOW,TRANS_HARBOUR,UP,VSH_THB,TNA,12_CAR,NON_AC,Trans-Harbour to VSH_THB
99417,TV 17,TV17,0,THB_VSH,SLOW,TRANS_HARBOUR,DN,TNA,VSH_THB,12_CAR,NON_AC,Trans-Harbour to VSH_THB
99418,TV 18,TV18,0,THB_VSH,SLOW,TRANS_HARBOUR,UP,VSH_THB,TNA,12_CAR,NON_AC,Trans-Harbour to VSH_THB
99419,TV 19,TV19,0,THB_VSH,SLOW,TRANS_HARBOUR,DN,TNA,VSH_THB,12_CAR,NON_AC,Trans-Harbour to VSH_THB
99420,TV 20,TV20,0,THB_VSH,SLOW,TRANS_HARBOUR,UP,VSH_THB,TNA,12_CAR,NON_AC,Trans-Harbour to VSH_THB
99421,TV 21,TV21,0,THB_VSH,SLOW,TRANS_HARBOUR,DN,TNA,VSH_THB,12_CAR,NON_AC,Trans-Harbour to VSH_THB
99422,TV 22,TV22,0,THB_VSH,SLOW,TRANS_HARBOUR,UP,VSH_THB,TNA,12_CAR,NON_AC,Trans-Harbour to VSH_THB
99423,TV 23,TV23,0,THB_VSH,SLOW,TRANS_HARBOUR,DN,TNA,VSH_THB,12_CAR,NON_AC,Trans-Harbour to VSH_THB
99424,TV 24,TV24,0,THB_VSH,SLOW,TRANS_HARBOUR,UP,VSH_THB,TNA,12_CAR,NON_AC,Trans-Harbour to VSH_THB
99425,TV 25,TV25,0,THB_VSH,SLOW,TRANS_HARBOUR,DN,TNA,VSH_THB,12_CAR,NON_AC,Trans-Harbour to VSH_THB
99426,TV 26,TV26,0,THB_VSH,SLOW,TRANS_HARBOUR,UP,VSH_THB,TNA,12_CAR,NON_AC,Trans-Harbour to VSH_THB
99427,TV 27,TV27,0,THB_VSH,SLOW,TRANS_HARBOUR,DN,TNA,VSH_THB,12_CAR,NON_AC,Trans-Harbour to VSH_THB
99428,TV 28,TV28,0,THB_VSH,SLOW,TRANS_HARBOUR,UP,VSH_THB,TNA,12_CAR,NON_AC,Trans-Harbour to VSH_THB
99429,TV 29,TV29,0,THB_VSH,SLOW,TRANS_HARBOUR,DN,TNA,VSH_THB,12_CAR,NON_AC,Trans-Harbour to VSH_THB
99430,TV 30,TV30,0,THB_VSH,SLOW,TRANS_HARBOUR,UP,VSH_THB,TNA,12_CAR,NON_AC,Trans-Harbour to VSH_THB
99431,TV 31,TV31,0,THB_VSH,SLOW,TRANS_HARBOUR,DN,TNA,VSH_THB,12_CAR,NON_AC,Trans-Harbour to VSH_THB
99432,TV 32,TV32,0,THB_VSH,SLOW,TRANS_HARBOUR,UP,VSH_THB,TNA,12_CAR,NON_AC,Trans-Harbour to VSH_THB
99433,TV 33,TV33,0,THB_VSH,SLOW,TRANS_HARBOUR,DN,TNA,VSH_THB,12_CAR,NON_AC,Trans-Harbour to VSH_THB
99434,TV 34,TV34,0,THB_VSH,SLOW,TRANS_HARBOUR,UP,VSH_THB,TNA,12_CAR,NON_AC,Trans-Harbour to VSH_THB
99435,TV 35,TV35,0,THB_VSH,SLOW,TRANS_HARBOUR,DN,TNA,VSH_THB,12_CAR,NON_AC,Trans-Harbour to VSH_THB
99436,TV 36,TV36,0,THB_VSH,SLOW,TRANS_HARBOUR,UP,VSH_THB,TNA,12_CAR,NON_AC,Trans-Harbour to VSH_THB
99437,TV 37,TV37,0,THB_VSH,SLOW,TRANS_HARBOUR,DN,TNA,VSH_THB,12_CAR,NON_AC,Trans-Harbour to VSH_THB
99438,TV 38,TV38,0,THB_VSH,SLOW,TRANS_HARBOUR,UP,VSH_THB,TNA,12_CAR,NON_AC,Trans-Harbour to VSH_THB
99439,TV 39,TV39,0,THB_VSH,SLOW,TRANS_HARBOUR,DN,TNA,VSH_THB,12_CAR,NON_AC,Trans-Harbour to VSH_THB
99440,TV 40,TV40,0,THB_VSH,SLOW,TRANS_HARBOUR,UP,VSH_THB,TNA,12_CAR,NON_AC,Trans-Harbour to VSH_THB
99441,TV 41,TV41,0,THB_VSH,SLOW,TRANS_HARBOUR,DN,TNA,VSH_THB,12_CAR,NON_AC,Trans-Harbour to VSH_THB
99442,TV 42,TV42,0,THB_VSH,SLOW,TRANS_HARBOUR,UP,VSH_THB,TNA,12_CAR,NON_AC,Trans-Harbour to VSH_THB
99443,TV 43,TV43,0,THB_VSH,SLOW,TRANS_HARBOUR,DN,TNA,VSH_THB,12_CAR,NON_AC,Trans-Harbour to VSH_THB
99444,TV 44,TV44,0,THB_VSH,SLOW,TRANS_HARBOUR,UP,VSH_THB,TNA,12_CAR,NON_AC,Trans-Harbour to VSH_THB
99445,TV 45,TV45,0,THB_VSH,SLOW,TRANS_HARBOUR,DN,TNA,VSH_THB,12_CAR,NON_AC,Trans-Harbour to VSH_THB
99446,TV 46,TV46,0,THB_VSH,SLOW,TRANS_HARBOUR,UP,VSH_THB,TNA,12_CAR,NON_AC,Trans-Harbour to VSH_THB
99447,TV 47,TV47,0,THB_VSH,SLOW,TRANS_HARBOUR,DN,TNA,VSH_THB,12_CAR,NON_AC,Trans-Harbour to VSH_THB
99448,TV 48,TV48,0,THB_VSH,SLOW,TRANS_HARBOUR,UP,VSH_THB,TNA,12_CAR,NON_AC,Trans-Harbour to VSH_THB
99449,TV 49,TV49,0,THB_VSH,SLOW,TRANS_HARBOUR,DN,TNA,VSH_THB,12_CAR,NON_AC,Trans-Harbour to VSH_THB
99450,TV 50,TV50,0,THB_VSH,SLOW,TRANS_HARBOUR,UP,VSH_THB,TNA,12_CAR,NON_AC,Trans-Harbour to VSH_THB
99451,TV 51,TV51,0,THB_VSH,SLOW,TRANS_HARBOUR,DN,TNA,VSH_THB,12_CAR,NON_AC,Trans-Harbour to VSH_THB
99452,TV 52,TV52,0,THB_VSH,SLOW,TRANS_HARBOUR,UP,VSH_THB,TNA,12_CAR,NON_AC,Trans-Harbour to VSH_THB
99453,TV 53,TV53,0,THB_VSH,SLOW,TRANS_HARBOUR,DN,TNA,VSH_THB,12_CAR,NON_AC,Trans-Harbour to VSH_THB
99454,TV 54,TV54,0,THB_VSH,SLOW,TRANS_HARBOUR,UP,VSH_THB,TNA,12_CAR,NON_AC,Trans-Harbour to VSH_THB
99455,TV 55,TV55,0,THB_VSH,SLOW,TRANS_HARBOUR,DN,TNA,VSH_THB,12_CAR,NON_AC,Trans-Harbour to VSH_THB
99456,TV 56,TV56,0,THB_VSH,SLOW,TRANS_HARBOUR,UP,VSH_THB,TNA,12_CAR,NON_AC,Trans-Harbour to VSH_THB
99457,TV 57,TV57,0,THB_VSH,SLOW,TRANS_HARBOUR,DN,TNA,VSH_THB,12_CAR,NON_AC,Trans-Harbour to VSH_THB
99458,TV 58,TV58,0,THB_VSH,SLOW,TRANS_HARBOUR,UP,VSH_THB,TNA,12_CAR,NON_AC,Trans-Harbour to VSH_THB
99459,TV 59,TV59,0,THB_VSH,SLOW,TRANS_HARBOUR,DN,TNA,VSH_THB,12_CAR,NON_AC,Trans-Harbour to VSH_THB
99460,TV 60,TV60,0,THB_VSH,SLOW,TRANS_HARBOUR,UP,VSH_THB,TNA,12_CAR,NON_AC,Trans-Harbour to VSH_THB
99461,TV 61,TV61,0,THB_VSH,SLOW,TRANS_HARBOUR,DN,TNA,VSH_THB,12_CAR,NON_AC,Trans-Harbour to VSH_THB
99462,TV 62,TV62,0,THB_VSH,SLOW,TRANS_HARBOUR,UP,VSH_THB,TNA,12_CAR,NON_AC,Trans-Harbour to VSH_THB
99463,TV 63,TV63,0,THB_VSH,SLOW,TRANS_HARBOUR,DN,TNA,VSH_THB,12_CAR,NON_AC,Trans-Harbour to VSH_THB
99464,TV 64,TV64,0,THB_VSH,SLOW,TRANS_HARBOUR,UP,VSH_THB,TNA,12_CAR,NON_AC,Trans-Harbour to VSH_THB
99465,TV 65,TV65,0,THB_VSH,SLOW,TRANS_HARBOUR,DN,TNA,VSH_THB,12_CAR,NON_AC,Trans-Harbour to VSH_THB
99466,TV 66,TV66,0,THB_VSH,SLOW,TRANS_HARBOUR,UP,VSH_THB,TNA,12_CAR,NON_AC,Trans-Harbour to VSH_THB
99467,TV 67,TV67,0,THB_VSH,SLOW,TRANS_HARBOUR,DN,TNA,VSH_THB,12_CAR,NON_AC,Trans-Harbour to VSH_THB
99468,TV 68,TV68,0,THB_VSH,SLOW,TRANS_HARBOUR,UP,VSH_THB,TNA,12_CAR,NON_AC,Trans-Harbour to VSH_THB
99469,TV 69,TV69,0,THB_VSH,SLOW,TRANS_HARBOUR,DN,TNA,VSH_THB,12_CAR,NON_AC,Trans-Harbour to VSH_THB
99470,TV 70,TV70,0,THB_VSH,SLOW,TRANS_HARBOUR,UP,VSH_THB,TNA,12_CAR,NON_AC,Trans-Harbour to VSH_THB
99471,TV 71,TV71,0,THB_VSH,SLOW,TRANS_HARBOUR,DN,TNA,VSH_THB,12_CAR,NON_AC,Trans-Harbour to VSH_THB
99472,TV 72,TV72,0,THB_VSH,SLOW,TRANS_HARBOUR,UP,VSH_THB,TNA,12_CAR,NON_AC,Trans-Harbour to VSH_THB
99473,TV 73,TV73,0,THB_VSH,SLOW,TRANS_HARBOUR,DN,TNA,VSH_THB,12_CAR,NON_AC,Trans-Harbour to VSH_THB
99474,TV 74,TV74,0,THB_VSH,SLOW,TRANS_HARBOUR,UP,VSH_THB,TNA,12_CAR,NON_AC,Trans-Harbour to VSH_THB
99475,TV 75,TV75,0,THB_VSH,SLOW,TRANS_HARBOUR,DN,TNA,VSH_THB,12_CAR,NON_AC,Trans-Harbour to VSH_THB
99476,TV 76,TV76,0,THB_VSH,SLOW,TRANS_HARBOUR,UP,VSH_THB,TNA,12_CAR,NON_AC,Trans-Harbour to VSH_THB
99477,TV 77,TV77,0,THB_VSH,SLOW,TRANS_HARBOUR,DN,TNA,VSH_THB,12_CAR,NON_AC,Trans-Harbour to VSH_THB
99478,TV 78,TV78,0,THB_VSH,SLOW,TRANS_HARBOUR,UP,VSH_THB,TNA,12_CAR,NON_AC,Trans-Harbour to VSH_THB
99479,TV 79,TV79,0,THB_VSH,SLOW,TRANS_HARBOUR,DN,TNA,VSH_THB,12_CAR,NON_AC,Trans-Harbour to VSH_THB
99480,TV 80,TV80,0,THB_VSH,SLOW,TRANS_HARBOUR,UP,VSH_THB,TNA,12_CAR,NON_AC,Trans-Harbour to VSH_THB
99481,TV 81,TV81,0,THB_VSH,SLOW,TRANS_HARBOUR,DN,TNA,VSH_THB,12_CAR,NON_AC,Trans-Harbour to VSH_THB
99482,TV 82,TV82,0,THB_VSH,SLOW,TRANS_HARBOUR,UP,VSH_THB,TNA,12_CAR,NON_AC,Trans-Harbour to VSH_THB
99483,TV 83,TV83,0,THB_VSH,SLOW,TRANS_HARBOUR,DN,TNA,VSH_THB,12_CAR,NON_AC,Trans-Harbour to VSH_THB
99484,TV 84,TV84,0,THB_VSH,SLOW,TRANS_HARBOUR,UP,VSH_THB,TNA,12_CAR,NON_AC,Trans-Harbour to VSH_THB
99485,TV 85,TV85,0,THB_VSH,SLOW,TRANS_HARBOUR,DN,TNA,VSH_THB,12_CAR,NON_AC,Trans-Harbour to VSH_THB
99486,TV 86,TV86,0,THB_VSH,SLOW,TRANS_HARBOUR,UP,VSH_THB,TNA,12_CAR,NON_AC,Trans-Harbour to VSH_THB
99487,TV 87,TV87,0,THB_VSH,SLOW,TRANS_HARBOUR,DN,TNA,VSH_THB,12_CAR,NON_AC,Trans-Harbour to VSH_THB
99488,TV 88,TV88,0,THB_VSH,SLOW,TRANS_HARBOUR,UP,VSH_THB,TNA,12_CAR,NON_AC,Trans-Harbour to VSH_THB
99489,TV 89,TV89,0,THB_VSH,SLOW,TRANS_HARBOUR,DN,TNA,VSH_THB,12_CAR,NON_AC,Trans-Harbour to VSH_THB
99490,TV 90,TV90,0,THB_VSH,SLOW,TRANS_HARBOUR,UP,VSH_THB,TNA,12_CAR,NON_AC,Trans-Harbour to VSH_THB
99491,TV 91,TV91,0,THB_VSH,SLOW,TRANS_HARBOUR,DN,TNA,VSH_THB,12_CAR,NON_AC,Trans-Harbour to VSH_THB
99492,TV 92,TV92,0,THB_VSH,SLOW,TRANS_HARBOUR,UP,VSH_THB,TNA,12_CAR,NON_AC,Trans-Harbour to VSH_THB
99493,TV 93,TV93,0,THB_VSH,SLOW,TRANS_HARBOUR,DN,TNA,VSH_THB,12_CAR,NON_AC,Trans-Harbour to VSH_THB
99494,TV 94,TV94,0,THB_VSH,SLOW,TRANS_HARBOUR,UP,VSH_THB,TNA,12_CAR,NON_AC,Trans-Harbour to VSH_THB
99495,TV 95,TV95,0,THB_VSH,SLOW,TRANS_HARBOUR,DN,TNA,VSH_THB,12_CAR,NON_AC,Trans-Harbour to VSH_THB
99496,TV 96,TV96,0,THB_VSH,SLOW,TRANS_HARBOUR,UP,VSH_THB,TNA,12_CAR,NON_AC,Trans-Harbour to VSH_THB
99497,TV 97,TV97,0,THB_VSH,SLOW,TRANS_HARBOUR,DN,TNA,VSH_THB,12_CAR,NON_AC,Trans-Harbour to VSH_THB
99498,TV 98,TV98,0,THB_VSH,SLOW,TRANS_HARBOUR,UP,VSH_THB,TNA,12_CAR,NON_AC,Trans-Harbour to VSH_THB
99499,TV 99,TV99,0,THB_VSH,SLOW,TRANS_HARBOUR,DN,TNA,VSH_THB,12_CAR,NON_AC,Trans-Harbour to VSH_THB
99500,TV 100,TV100,0,THB_VSH,SLOW,TRANS_HARBOUR,UP,VSH_THB,TNA,12_CAR,NON_AC,Trans-Harbour to VSH_THB
99501,TV 101,TV101,0,THB_VSH,SLOW,TRANS_HARBOUR,DN,TNA,VSH_THB,12_CAR,NON_AC,Trans-Harbour to VSH_THB
99502,TV 102,TV102,0,THB_VSH,SLOW,TRANS_HARBOUR,UP,VSH_THB,TNA,12_CAR,NON_AC,Trans-Harbour to VSH_THB
99503,TV 103,TV103,0,THB_VSH,SLOW,TRANS_HARBOUR,DN,TNA,VSH_THB,12_CAR,NON_AC,Trans-Harbour to VSH_THB
99504,TV 104,TV104,0,THB_VSH,SLOW,TRANS_HARBOUR,UP,VSH_THB,TNA,12_CAR,NON_AC,Trans-Harbour to VSH_THB
99505,TV 105,TV105,0,THB_VSH,SLOW,TRANS_HARBOUR,DN,TNA,VSH_THB,12_CAR,NON_AC,Trans-Harbour to VSH_THB
99506,TV 106,TV106,0,THB_VSH,SLOW,TRANS_HARBOUR,UP,VSH_THB,TNA,12_CAR,NON_AC,Trans-Harbour to VSH_THB
99507,TV 107,TV107,0,THB_VSH,SLOW,TRANS_HARBOUR,DN,TNA,VSH_THB,12_CAR,NON_AC,Trans-Harbour to VSH_THB
99508,TV 108,TV108,0,THB_VSH,SLOW,TRANS_HARBOUR,UP,VSH_THB,TNA,12_CAR,NON_AC,Trans-Harbour to VSH_THB
99509,TV 109,TV109,0,THB_VSH,SLOW,TRANS_HARBOUR,DN,TNA,VSH_THB,12_CAR,NON_AC,Trans-Harbour to VSH_THB
99510,TV 110,TV110,0,THB_VSH,SLOW,TRANS_HARBOUR,UP,VSH_THB,TNA,12_CAR,NON_AC,Trans-Harbour to VSH_THB
99511,TV 111,TV111,0,THB_VSH,SLOW,TRANS_HARBOUR,DN,TNA,VSH_THB,12_CAR,NON_AC,Trans-Harbour to VSH_THB
99512,TV 112,TV112,0,THB_VSH,SLOW,TRANS_HARBOUR,UP,VSH_THB,TNA,12_CAR,NON_AC,Trans-Harbour to VSH_THB
99513,TV 113,TV113,0,THB_VSH,SLOW,TRANS_HARBOUR,DN,TNA,VSH_THB,12_CAR,NON_AC,Trans-Harbour to VSH_THB
99514,TV 114,TV114,0,THB_VSH,SLOW,TRANS_HARBOUR,UP,VSH_THB,TNA,12_CAR,NON_AC,Trans-Harbour to VSH_THB
99515,TV 115,TV115,0,THB_VSH,SLOW,TRANS_HARBOUR,DN,TNA,VSH_THB,12_CAR,NON_AC,Trans-Harbour to VSH_THB
99516,TV 116,TV116,0,THB_VSH,SLOW,TRANS_HARBOUR,UP,VSH_THB,TNA,12_CAR,NON_AC,Trans-Harbour to VSH_THB
99517,TV 117,TV117,0,THB_VSH,SLOW,TRANS_HARBOUR,DN,TNA,VSH_THB,12_CAR,NON_AC,Trans-Harbour to VSH_THB
99518,TV 118,TV118,0,THB_VSH,SLOW,TRANS_HARBOUR,UP,VSH_THB,TNA,12_CAR,NON_AC,Trans-Harbour to VSH_THB
99519,TV 119,TV119,0,THB_VSH,SLOW,TRANS_HARBOUR,DN,TNA,VSH_THB,12_CAR,NON_AC,Trans-Harbour to VSH_THB
99520,TV 120,TV120,0,THB_VSH,SLOW,TRANS_HARBOUR,UP,VSH_THB,TNA,12_CAR,NON_AC,Trans-Harbour to VSH_THB
99601,UNU 1,UNU1,0,PORT,SLOW,PORT,DN,URAN,NEU,12_CAR,NON_AC,Port Line to NEU
99602,UNU 2,UNU2,0,PORT,SLOW,PORT,UP,NEU,URAN,12_CAR,NON_AC,Port Line to NEU
99603,UNU 3,UNU3,0,PORT,SLOW,PORT,DN,URAN,NEU,12_CAR,NON_AC,Port Line to NEU
99604,UNU 4,UNU4,0,PORT,SLOW,PORT,UP,NEU,URAN,12_CAR,NON_AC,Port Line to NEU
99605,UNU 5,UNU5,0,PORT,SLOW,PORT,DN,URAN,NEU,12_CAR,NON_AC,Port Line to NEU
99606,UNU 6,UNU6,0,PORT,SLOW,PORT,UP,NEU,URAN,12_CAR,NON_AC,Port Line to NEU
99607,UNU 7,UNU7,0,PORT,SLOW,PORT,DN,URAN,NEU,12_CAR,NON_AC,Port Line to NEU
99608,UNU 8,UNU8,0,PORT,SLOW,PORT,UP,NEU,URAN,12_CAR,NON_AC,Port Line to NEU
99609,UNU 9,UNU9,0,PORT,SLOW,PORT,DN,URAN,NEU,12_CAR,NON_AC,Port Line to NEU
99610,UNU 10,UNU10,0,PORT,SLOW,PORT,UP,NEU,URAN,12_CAR,NON_AC,Port Line to NEU
99611,UNU 11,UNU11,0,PORT,SLOW,PORT,DN,URAN,NEU,12_CAR,NON_AC,Port Line to NEU
99612,UNU 12,UNU12,0,PORT,SLOW,PORT,UP,NEU,URAN,12_CAR,NON_AC,Port Line to NEU
99613,UNU 13,UNU13,0,PORT,SLOW,PORT,DN,URAN,NEU,12_CAR,NON_AC,Port Line to NEU
99614,UNU 14,UNU14,0,PORT,SLOW,PORT,UP,NEU,URAN,12_CAR,NON_AC,Port Line to NEU
99615,UNU 15,UNU15,0,PORT,SLOW,PORT,DN,URAN,NEU,12_CAR,NON_AC,Port Line to NEU
99616,UNU 16,UNU16,0,PORT,SLOW,PORT,UP,NEU,URAN,12_CAR,NON_AC,Port Line to NEU
99617,UNU 17,UNU17,0,PORT,SLOW,PORT,DN,URAN,NEU,12_CAR,NON_AC,Port Line to NEU
99618,UNU 18,UNU18,0,PORT,SLOW,PORT,UP,NEU,URAN,12_CAR,NON_AC,Port Line to NEU
99619,UNU 19,UNU19,0,PORT,SLOW,PORT,DN,URAN,NEU,12_CAR,NON_AC,Port Line to NEU
99620,UNU 20,UNU20,0,PORT,SLOW,PORT,UP,NEU,URAN,12_CAR,NON_AC,Port Line to NEU
99621,UNU 21,UNU21,0,PORT,SLOW,PORT,DN,NEU,URAN,12_CAR,NON_AC,verified missing Uran service from trains table
99622,UNU 22,UNU22,0,PORT,SLOW,PORT,UP,URAN,NEU,12_CAR,NON_AC,verified missing Uran service from trains table
99623,UNU 23,UNU23,0,PORT,SLOW,PORT,DN,NEU,URAN,12_CAR,NON_AC,verified missing Uran service from trains table
99624,UNU 24,UNU24,0,PORT,SLOW,PORT,UP,URAN,NEU,12_CAR,NON_AC,verified missing Uran service from trains table
99701,UBR 1,UBR1,0,PORT,SLOW,PORT,DN,URAN,BEPR,12_CAR,NON_AC,Port Line to BEPR
99702,UBR 2,UBR2,0,PORT,SLOW,PORT,UP,BEPR,URAN,12_CAR,NON_AC,Port Line to BEPR
99703,UBR 3,UBR3,0,PORT,SLOW,PORT,DN,URAN,BEPR,12_CAR,NON_AC,Port Line to BEPR
99704,UBR 4,UBR4,0,PORT,SLOW,PORT,UP,BEPR,URAN,12_CAR,NON_AC,Port Line to BEPR
99705,UBR 5,UBR5,0,PORT,SLOW,PORT,DN,URAN,BEPR,12_CAR,NON_AC,Port Line to BEPR
99706,UBR 6,UBR6,0,PORT,SLOW,PORT,UP,BEPR,URAN,12_CAR,NON_AC,Port Line to BEPR
99707,UBR 7,UBR7,0,PORT,SLOW,PORT,DN,URAN,BEPR,12_CAR,NON_AC,Port Line to BEPR
99708,UBR 8,UBR8,0,PORT,SLOW,PORT,UP,BEPR,URAN,12_CAR,NON_AC,Port Line to BEPR
99709,UBR 9,UBR9,0,PORT,SLOW,PORT,DN,URAN,BEPR,12_CAR,NON_AC,Port Line to BEPR
99710,UBR 10,UBR10,0,PORT,SLOW,PORT,UP,BEPR,URAN,12_CAR,NON_AC,Port Line to BEPR
99711,UBR 11,UBR11,0,PORT,SLOW,PORT,DN,URAN,BEPR,12_CAR,NON_AC,Port Line to BEPR
99712,UBR 12,UBR12,0,PORT,SLOW,PORT,UP,BEPR,URAN,12_CAR,NON_AC,Port Line to BEPR
99713,UBR 13,UBR13,0,PORT,SLOW,PORT,DN,URAN,BEPR,12_CAR,NON_AC,Port Line to BEPR
99714,UBR 14,UBR14,0,PORT,SLOW,PORT,UP,BEPR,URAN,12_CAR,NON_AC,Port Line to BEPR
99715,UBR 15,UBR15,0,PORT,SLOW,PORT,DN,URAN,BEPR,12_CAR,NON_AC,Port Line to BEPR
99716,UBR 16,UBR16,0,PORT,SLOW,PORT,UP,BEPR,URAN,12_CAR,NON_AC,Port Line to BEPR
99717,UBR 17,UBR17,0,PORT,SLOW,PORT,DN,URAN,BEPR,12_CAR,NON_AC,Port Line to BEPR
99718,UBR 18,UBR18,0,PORT,SLOW,PORT,UP,BEPR,URAN,12_CAR,NON_AC,Port Line to BEPR
99719,UBR 19,UBR19,0,PORT,SLOW,PORT,DN,URAN,BEPR,12_CAR,NON_AC,Port Line to BEPR
99720,UBR 20,UBR20,0,PORT,SLOW,PORT,UP,BEPR,URAN,12_CAR,NON_AC,Port Line to BEPR
99721,UBR 21,UBR21,0,PORT,SLOW,PORT,DN,BEPR,URAN,12_CAR,NON_AC,verified missing Uran service from trains table
99722,UBR 22,UBR22,0,PORT,SLOW,PORT,UP,URAN,BEPR,12_CAR,NON_AC,verified missing Uran service from trains table
99723,UBR 23,UBR23,0,PORT,SLOW,PORT,DN,BEPR,URAN,12_CAR,NON_AC,verified missing Uran service from trains table
99724,UBR 24,UBR24,0,PORT,SLOW,PORT,UP,URAN,BEPR,12_CAR,NON_AC,verified missing Uran service from trains table
99725,UBR 25,UBR25,0,PORT,SLOW,PORT,DN,BEPR,URAN,12_CAR,NON_AC,verified missing Uran service from trains table
99726,UBR 26,UBR26,0,PORT,SLOW,PORT,UP,URAN,BEPR,12_CAR,NON_AC,verified missing Uran service from trains table
